experiment,phase,study_id,operator_id,input_device_model,block,repetition,pair_id,order_position,order_seed,filter,variant,delay_s,camera_delay_s,latency_profile,convoy,terrain,path,speed_mps,bumpiness,seed,run_dir,rc,wall_s,status,sim_diag_csv,collision_csv,shield_csv,sim_s,rt_factor,collisions,near_misses,collision_source,n_samples,rms_cte_m,max_abs_cte_m,mean_abs_cte_m,mean_speed_mps,speed_ratio,progress_m,final_x_m,final_y_m,min_clearance_m,goal_distance_m,goal_reached_log,reached_goal,clean_success,intervention_rate_pct,filter_solve_ms,mean_abs_dsteer,mean_abs_dthrottle,contact_run
human_delay_compensation_rounds,study,acmd_single_operator_hil_demo_v2,op01,G923_Racing_Wheel_for_PlayStation_and_PC,1,0,b01_lead_brake_5g_nhits_geforce_clay_straight_v5_b0_seed910,0,20260719,none,none_delay0.00,0.0,0.0,5g_nhits_geforce,lead_brake,clay,straight,5.0,0,910,/home/ksha/Documents/sbel/offroad-control/benchmarking/results/human_delay_compensation_rounds_20260802_224342/raw/0000_none_lead_brake_5g_nhits_geforce_clay_straight_v5_b0_r0,0,25.404037475585938,ok,/home/ksha/Documents/sbel/offroad-control/benchmarking/results/human_delay_compensation_rounds_20260802_224342/raw/0000_none_lead_brake_5g_nhits_geforce_clay_straight_v5_b0_r0/sim_diag.csv,/home/ksha/Documents/sbel/offroad-control/benchmarking/results/human_delay_compensation_rounds_20260802_224342/raw/0000_none_lead_brake_5g_nhits_geforce_clay_straight_v5_b0_r0/collision_log.csv,,16.4,0.96,0,0,chrono_body_contact,161,0.06321020077765253,0.126105,0.048671435114503815,2.9301082824427485,0.5860216564885496,39.88001299977407,39.779613,-0.01944,1.626428,40.0,1,1,1,,,,,0
human_delay_compensation_rounds,study,acmd_single_operator_hil_demo_v2,op01,G923_Racing_Wheel_for_PlayStation_and_PC,1,0,b01_oncoming_5g_nhits_geforce_clay_straight_v5_b0_seed910,1,20260719,mpsf,mpsf_delay0.00,0.0,0.0,5g_nhits_geforce,oncoming,clay,straight,5.0,0,910,/home/ksha/Documents/sbel/offroad-control/benchmarking/results/human_delay_compensation_rounds_20260802_224342/raw/0001_mpsf_oncoming_5g_nhits_geforce_clay_straight_v5_b0_r0,0,22.047011375427246,ok,/home/ksha/Documents/sbel/offroad-control/benchmarking/results/human_delay_compensation_rounds_20260802_224342/raw/0001_mpsf_oncoming_5g_nhits_geforce_clay_straight_v5_b0_r0/sim_diag.csv,/home/ksha/Documents/sbel/offroad-control/benchmarking/results/human_delay_compensation_rounds_20260802_224342/raw/0001_mpsf_oncoming_5g_nhits_geforce_clay_straight_v5_b0_r0/collision_log.csv,,10.9,0.83,0,1,chrono_body_contact,108,1.3351719127132116,2.938598,0.7924515384615385,4.750506307692308,0.9501012615384615,40.34934653713987,40.070691,-2.875061,0.59795,40.0,1,1,1,48.6,1.089,,,0
human_delay_compensation_rounds,study,acmd_single_operator_hil_demo_v2,op01,G923_Racing_Wheel_for_PlayStation_and_PC,1,0,b01_stalled_5g_nhits_geforce_clay_straight_v5_b0_seed910,2,20260719,none,none_delay0.00,0.0,0.0,5g_nhits_geforce,stalled,clay,straight,5.0,0,910,/home/ksha/Documents/sbel/offroad-control/benchmarking/results/human_delay_compensation_rounds_20260802_224342/raw/0002_none_stalled_5g_nhits_geforce_clay_straight_v5_b0_r0,0,21.486313581466675,ok,/home/ksha/Documents/sbel/offroad-control/benchmarking/results/human_delay_compensation_rounds_20260802_224342/raw/0002_none_stalled_5g_nhits_geforce_clay_straight_v5_b0_r0/sim_diag.csv,/home/ksha/Documents/sbel/offroad-control/benchmarking/results/human_delay_compensation_rounds_20260802_224342/raw/0002_none_stalled_5g_nhits_geforce_clay_straight_v5_b0_r0/collision_log.csv,,12.5,0.94,0,1,chrono_body_contact,123,2.5765235429316835,4.627898,1.9560639462365594,4.032423903225807,0.8064847806451614,41.217382373513615,39.899273,0.59761,0.246253,40.0,1,1,1,,,,,0
human_delay_compensation_rounds,study,acmd_single_operator_hil_demo_v2,op01,G923_Racing_Wheel_for_PlayStation_and_PC,1,0,b01_lead_brake_5g_nhits_geforce_clay_straight_v5_b0_seed910,3,20260719,dob_cbf,dob_cbf_delay0.00,0.0,0.0,5g_nhits_geforce,lead_brake,clay,straight,5.0,0,910,/home/ksha/Documents/sbel/offroad-control/benchmarking/results/human_delay_compensation_rounds_20260802_224342/raw/0003_dob_cbf_lead_brake_5g_nhits_geforce_clay_straight_v5_b0_r0,0,35.41014528274536,ok,/home/ksha/Documents/sbel/offroad-control/benchmarking/results/human_delay_compensation_rounds_20260802_224342/raw/0003_dob_cbf_lead_brake_5g_nhits_geforce_clay_straight_v5_b0_r0/sim_diag.csv,/home/ksha/Documents/sbel/offroad-control/benchmarking/results/human_delay_compensation_rounds_20260802_224342/raw/0003_dob_cbf_lead_brake_5g_nhits_geforce_clay_straight_v5_b0_r0/collision_log.csv,/home/ksha/Documents/sbel/offroad-control/benchmarking/results/human_delay_compensation_rounds_20260802_224342/raw/0003_dob_cbf_lead_brake_5g_nhits_geforce_clay_straight_v5_b0_r0/cbf_filter_log.csv,25.0,0.93,0,0,chrono_body_contact,246,0.028121502614893188,0.038454,0.027531754629629628,0.00015406018518518527,3.0812037037037055e-05,0.31020816207192103,0.060705,0.036865,5.225939,40.0,0,0,0,100.0,,0.33615770750988144,0.5504466403162055,0
human_delay_compensation_rounds,study,acmd_single_operator_hil_demo_v2,op01,G923_Racing_Wheel_for_PlayStation_and_PC,1,0,b01_stalled_5g_nhits_geforce_clay_straight_v5_b0_seed910,4,20260719,dob_cbf,dob_cbf_delay0.00,0.0,0.0,5g_nhits_geforce,stalled,clay,straight,5.0,0,910,/home/ksha/Documents/sbel/offroad-control/benchmarking/results/human_delay_compensation_rounds_20260802_224342/raw/0004_dob_cbf_stalled_5g_nhits_geforce_clay_straight_v5_b0_r0,0,35.165542125701904,ok,/home/ksha/Documents/sbel/offroad-control/benchmarking/results/human_delay_compensation_rounds_20260802_224342/raw/0004_dob_cbf_stalled_5g_nhits_geforce_clay_straight_v5_b0_r0/sim_diag.csv,/home/ksha/Documents/sbel/offroad-control/benchmarking/results/human_delay_compensation_rounds_20260802_224342/raw/0004_dob_cbf_stalled_5g_nhits_geforce_clay_straight_v5_b0_r0/collision_log.csv,/home/ksha/Documents/sbel/offroad-control/benchmarking/results/human_delay_compensation_rounds_20260802_224342/raw/0004_dob_cbf_stalled_5g_nhits_geforce_clay_straight_v5_b0_r0/cbf_filter_log.csv,25.0,0.94,0,0,chrono_body_contact,246,0.019635122473658156,0.040963,0.01688437037037037,0.1330570972222222,0.02661141944444444,4.381342188054208,4.088963,-0.006739,8.125971,40.0,0,0,0,79.4,,0.4841461165048543,0.46670485436893205,0
human_delay_compensation_rounds,study,acmd_single_operator_hil_demo_v2,op01,G923_Racing_Wheel_for_PlayStation_and_PC,1,0,b01_cut_in_5g_nhits_geforce_clay_straight_v5_b0_seed910,5,20260719,none,none_delay0.00,0.0,0.0,5g_nhits_geforce,cut_in,clay,straight,5.0,0,910,/home/ksha/Documents/sbel/offroad-control/benchmarking/results/human_delay_compensation_rounds_20260802_224342/raw/0005_none_cut_in_5g_nhits_geforce_clay_straight_v5_b0_r0,0,20.734184503555298,ok,/home/ksha/Documents/sbel/offroad-control/benchmarking/results/human_delay_compensation_rounds_20260802_224342/raw/0005_none_cut_in_5g_nhits_geforce_clay_straight_v5_b0_r0/sim_diag.csv,/home/ksha/Documents/sbel/offroad-control/benchmarking/results/human_delay_compensation_rounds_20260802_224342/raw/0005_none_cut_in_5g_nhits_geforce_clay_straight_v5_b0_r0/collision_log.csv,,11.7,0.94,0,0,chrono_body_contact,115,0.151697910333973,0.221472,0.13708745882352938,4.389266317647058,0.8778532635294116,39.73424756549724,39.70731,-0.200718,3.93608,40.0,1,1,1,,,,,0
human_delay_compensation_rounds,study,acmd_single_operator_hil_demo_v2,op01,G923_Racing_Wheel_for_PlayStation_and_PC,1,0,b01_oncoming_5g_nhits_geforce_clay_straight_v5_b0_seed910,6,20260719,dob_cbf,dob_cbf_delay0.00,0.0,0.0,5g_nhits_geforce,oncoming,clay,straight,5.0,0,910,/home/ksha/Documents/sbel/offroad-control/benchmarking/results/human_delay_compensation_rounds_20260802_224342/raw/0006_dob_cbf_oncoming_5g_nhits_geforce_clay_straight_v5_b0_r0,0,22.29172158241272,ok,/home/ksha/Documents/sbel/offroad-control/benchmarking/results/human_delay_compensation_rounds_20260802_224342/raw/0006_dob_cbf_oncoming_5g_nhits_geforce_clay_straight_v5_b0_r0/sim_diag.csv,/home/ksha/Documents/sbel/offroad-control/benchmarking/results/human_delay_compensation_rounds_20260802_224342/raw/0006_dob_cbf_oncoming_5g_nhits_geforce_clay_straight_v5_b0_r0/collision_log.csv,/home/ksha/Documents/sbel/offroad-control/benchmarking/results/human_delay_compensation_rounds_20260802_224342/raw/0006_dob_cbf_oncoming_5g_nhits_geforce_clay_straight_v5_b0_r0/cbf_filter_log.csv,11.4,0.83,0,1,chrono_body_contact,112,0.6454391975505762,1.679329,0.421617756097561,4.545713292682927,0.9091426585365854,39.72854775159129,39.681234,-1.679329,0.243405,40.0,1,1,1,16.4,,0.10341752577319586,0.07605051546391753,0
human_delay_compensation_rounds,study,acmd_single_operator_hil_demo_v2,op01,G923_Racing_Wheel_for_PlayStation_and_PC,1,0,b01_lead_brake_5g_nhits_geforce_clay_straight_v5_b0_seed910,7,20260719,mpsf,mpsf_delay0.00,0.0,0.0,5g_nhits_geforce,lead_brake,clay,straight,5.0,0,910,/home/ksha/Documents/sbel/offroad-control/benchmarking/results/human_delay_compensation_rounds_20260802_224342/raw/0007_mpsf_lead_brake_5g_nhits_geforce_clay_straight_v5_b0_r0,0,35.3796706199646,ok,/home/ksha/Documents/sbel/offroad-control/benchmarking/results/human_delay_compensation_rounds_20260802_224342/raw/0007_mpsf_lead_brake_5g_nhits_geforce_clay_straight_v5_b0_r0/sim_diag.csv,/home/ksha/Documents/sbel/offroad-control/benchmarking/results/human_delay_compensation_rounds_20260802_224342/raw/0007_mpsf_lead_brake_5g_nhits_geforce_clay_straight_v5_b0_r0/collision_log.csv,,25.0,0.94,0,0,chrono_body_contact,246,0.7596530414967627,1.083271,0.6266000046296296,0.11383299537037038,0.022766599074074075,3.2239066680572703,2.461554,1.075005,2.908345,40.0,0,0,0,87.4,2.083,,,0
human_delay_compensation_rounds,study,acmd_single_operator_hil_demo_v2,op01,G923_Racing_Wheel_for_PlayStation_and_PC,1,0,b01_cut_in_5g_nhits_geforce_clay_straight_v5_b0_seed910,8,20260719,mpsf,mpsf_delay0.00,0.0,0.0,5g_nhits_geforce,cut_in,clay,straight,5.0,0,910,/home/ksha/Documents/sbel/offroad-control/benchmarking/results/human_delay_compensation_rounds_20260802_224342/raw/0008_mpsf_cut_in_5g_nhits_geforce_clay_straight_v5_b0_r0,0,29.898865222930908,ok,/home/ksha/Documents/sbel/offroad-control/benchmarking/results/human_delay_compensation_rounds_20260802_224342/raw/0008_mpsf_cut_in_5g_nhits_geforce_clay_straight_v5_b0_r0/sim_diag.csv,/home/ksha/Documents/sbel/offroad-control/benchmarking/results/human_delay_compensation_rounds_20260802_224342/raw/0008_mpsf_cut_in_5g_nhits_geforce_clay_straight_v5_b0_r0/collision_log.csv,,20.1,0.95,0,0,chrono_body_contact,198,0.14218679957518743,0.556227,0.07403910119047619,2.344048017857143,0.46880960357142853,40.09769793154069,39.878806,-0.556227,5.316758,40.0,1,1,1,47.5,0.758,,,0
human_delay_compensation_rounds,study,acmd_single_operator_hil_demo_v2,op01,G923_Racing_Wheel_for_PlayStation_and_PC,1,0,b01_oncoming_5g_nhits_geforce_clay_straight_v5_b0_seed910,9,20260719,none,none_delay0.00,0.0,0.0,5g_nhits_geforce,oncoming,clay,straight,5.0,0,910,/home/ksha/Documents/sbel/offroad-control/benchmarking/results/human_delay_compensation_rounds_20260802_224342/raw/0009_none_oncoming_5g_nhits_geforce_clay_straight_v5_b0_r0,0,21.37852931022644,ok,/home/ksha/Documents/sbel/offroad-control/benchmarking/results/human_delay_compensation_rounds_20260802_224342/raw/0009_none_oncoming_5g_nhits_geforce_clay_straight_v5_b0_r0/sim_diag.csv,/home/ksha/Documents/sbel/offroad-control/benchmarking/results/human_delay_compensation_rounds_20260802_224342/raw/0009_none_oncoming_5g_nhits_geforce_clay_straight_v5_b0_r0/collision_log.csv,,10.8,0.83,0,2,chrono_body_contact,106,0.2072151481688334,0.382868,0.16715810526315789,4.975449289473684,0.9950898578947369,39.813405662966076,39.739238,-0.36047,0.0715,40.0,1,1,1,,,,,0
human_delay_compensation_rounds,study,acmd_single_operator_hil_demo_v2,op01,G923_Racing_Wheel_for_PlayStation_and_PC,1,0,b01_stalled_5g_nhits_geforce_clay_straight_v5_b0_seed910,10,20260719,mpsf,mpsf_delay0.00,0.0,0.0,5g_nhits_geforce,stalled,clay,straight,5.0,0,910,/home/ksha/Documents/sbel/offroad-control/benchmarking/results/human_delay_compensation_rounds_20260802_224342/raw/0010_mpsf_stalled_5g_nhits_geforce_clay_straight_v5_b0_r0,0,24.929950714111328,ok,/home/ksha/Documents/sbel/offroad-control/benchmarking/results/human_delay_compensation_rounds_20260802_224342/raw/0010_mpsf_stalled_5g_nhits_geforce_clay_straight_v5_b0_r0/sim_diag.csv,/home/ksha/Documents/sbel/offroad-control/benchmarking/results/human_delay_compensation_rounds_20260802_224342/raw/0010_mpsf_stalled_5g_nhits_geforce_clay_straight_v5_b0_r0/collision_log.csv,,14.9,0.92,0,0,chrono_body_contact,146,3.0701263892725743,5.711259,2.2428204051724143,3.348011965517242,0.6696023931034484,41.841974593005524,39.641672,0.101553,1.356947,40.0,1,1,1,43.0,0.725,,,0
human_delay_compensation_rounds,study,acmd_single_operator_hil_demo_v2,op01,G923_Racing_Wheel_for_PlayStation_and_PC,1,0,b01_cut_in_5g_nhits_geforce_clay_straight_v5_b0_seed910,11,20260719,dob_cbf,dob_cbf_delay0.00,0.0,0.0,5g_nhits_geforce,cut_in,clay,straight,5.0,0,910,/home/ksha/Documents/sbel/offroad-control/benchmarking/results/human_delay_compensation_rounds_20260802_224342/raw/0011_dob_cbf_cut_in_5g_nhits_geforce_clay_straight_v5_b0_r0,0,35.177536725997925,ok,/home/ksha/Documents/sbel/offroad-control/benchmarking/results/human_delay_compensation_rounds_20260802_224342/raw/0011_dob_cbf_cut_in_5g_nhits_geforce_clay_straight_v5_b0_r0/sim_diag.csv,/home/ksha/Documents/sbel/offroad-control/benchmarking/results/human_delay_compensation_rounds_20260802_224342/raw/0011_dob_cbf_cut_in_5g_nhits_geforce_clay_straight_v5_b0_r0/collision_log.csv,/home/ksha/Documents/sbel/offroad-control/benchmarking/results/human_delay_compensation_rounds_20260802_224342/raw/0011_dob_cbf_cut_in_5g_nhits_geforce_clay_straight_v5_b0_r0/cbf_filter_log.csv,25.0,0.94,0,0,chrono_body_contact,246,0.03486414534269917,0.055417,0.03239488425925926,4.720833333333345e-05,9.44166666666669e-06,0.209955736650696,0.052202,0.023414,5.875756,40.0,0,0,0,100.0,,0.1827233201581028,0.25947549407114623,0
human_delay_compensation_rounds,study,acmd_single_operator_hil_demo_v2,op01,G923_Racing_Wheel_for_PlayStation_and_PC,2,1,b02_stalled_5g_nhits_geforce_clay_straight_v5_b0_seed911,12,20260719,mpsf,mpsf_delay0.00,0.0,0.0,5g_nhits_geforce,stalled,clay,straight,5.0,0,911,/home/ksha/Documents/sbel/offroad-control/benchmarking/results/human_delay_compensation_rounds_20260802_224342/raw/0012_mpsf_stalled_5g_nhits_geforce_clay_straight_v5_b0_r1,0,28.409517288208008,ok,/home/ksha/Documents/sbel/offroad-control/benchmarking/results/human_delay_compensation_rounds_20260802_224342/raw/0012_mpsf_stalled_5g_nhits_geforce_clay_straight_v5_b0_r1/sim_diag.csv,/home/ksha/Documents/sbel/offroad-control/benchmarking/results/human_delay_compensation_rounds_20260802_224342/raw/0012_mpsf_stalled_5g_nhits_geforce_clay_straight_v5_b0_r1/collision_log.csv,,18.1,0.92,0,0,chrono_body_contact,178,4.147448928294117,6.664829,3.290411486486487,2.6966586418918914,0.5393317283783783,42.88797297642673,39.832814,0.516996,1.305427,40.0,1,1,1,46.7,0.928,,,0
human_delay_compensation_rounds,study,acmd_single_operator_hil_demo_v2,op01,G923_Racing_Wheel_for_PlayStation_and_PC,2,1,b02_oncoming_5g_nhits_geforce_clay_straight_v5_b0_seed911,13,20260719,mpsf,mpsf_delay0.00,0.0,0.0,5g_nhits_geforce,oncoming,clay,straight,5.0,0,911,/home/ksha/Documents/sbel/offroad-control/benchmarking/results/human_delay_compensation_rounds_20260802_224342/raw/0013_mpsf_oncoming_5g_nhits_geforce_clay_straight_v5_b0_r1,0,23.130380868911743,ok,/home/ksha/Documents/sbel/offroad-control/benchmarking/results/human_delay_compensation_rounds_20260802_224342/raw/0013_mpsf_oncoming_5g_nhits_geforce_clay_straight_v5_b0_r1/sim_diag.csv,/home/ksha/Documents/sbel/offroad-control/benchmarking/results/human_delay_compensation_rounds_20260802_224342/raw/0013_mpsf_oncoming_5g_nhits_geforce_clay_straight_v5_b0_r1/collision_log.csv,,12.0,0.84,0,0,chrono_body_contact,118,0.955122810543992,1.789494,0.7974725,4.277255125,0.855451025,40.12646720318083,40.015267,-1.789494,1.340688,40.0,1,1,1,38.8,0.873,,,0
human_delay_compensation_rounds,study,acmd_single_operator_hil_demo_v2,op01,G923_Racing_Wheel_for_PlayStation_and_PC,2,1,b02_lead_brake_5g_nhits_geforce_clay_straight_v5_b0_seed911,14,20260719,none,none_delay0.00,0.0,0.0,5g_nhits_geforce,lead_brake,clay,straight,5.0,0,911,/home/ksha/Documents/sbel/offroad-control/benchmarking/results/human_delay_compensation_rounds_20260802_224342/raw/0014_none_lead_brake_5g_nhits_geforce_clay_straight_v5_b0_r1,0,29.73783230781555,ok,/home/ksha/Documents/sbel/offroad-control/benchmarking/results/human_delay_compensation_rounds_20260802_224342/raw/0014_none_lead_brake_5g_nhits_geforce_clay_straight_v5_b0_r1/sim_diag.csv,/home/ksha/Documents/sbel/offroad-control/benchmarking/results/human_delay_compensation_rounds_20260802_224342/raw/0014_none_lead_brake_5g_nhits_geforce_clay_straight_v5_b0_r1/collision_log.csv,,20.1,0.93,1,2,chrono_body_contact,198,3.087666193959476,4.852537,2.6004465773809526,1.7243699404761907,0.34487398809523817,43.2558348481508,39.993191,-4.852537,-1.345189,40.0,1,1,0,,,,,1
human_delay_compensation_rounds,study,acmd_single_operator_hil_demo_v2,op01,G923_Racing_Wheel_for_PlayStation_and_PC,2,1,b02_cut_in_5g_nhits_geforce_clay_straight_v5_b0_seed911,15,20260719,none,none_delay0.00,0.0,0.0,5g_nhits_geforce,cut_in,clay,straight,5.0,0,911,/home/ksha/Documents/sbel/offroad-control/benchmarking/results/human_delay_compensation_rounds_20260802_224342/raw/0015_none_cut_in_5g_nhits_geforce_clay_straight_v5_b0_r1,0,20.373448133468628,ok,/home/ksha/Documents/sbel/offroad-control/benchmarking/results/human_delay_compensation_rounds_20260802_224342/raw/0015_none_cut_in_5g_nhits_geforce_clay_straight_v5_b0_r1/sim_diag.csv,/home/ksha/Documents/sbel/offroad-control/benchmarking/results/human_delay_compensation_rounds_20260802_224342/raw/0015_none_cut_in_5g_nhits_geforce_clay_straight_v5_b0_r1/collision_log.csv,,11.5,0.95,0,1,chrono_body_contact,113,1.9280441140859423,3.079555,1.6402994216867475,4.568329421686746,0.9136658843373493,40.04163539219587,39.784528,-2.476953,0.655574,40.0,1,1,1,,,,,0
human_delay_compensation_rounds,study,acmd_single_operator_hil_demo_v2,op01,G923_Racing_Wheel_for_PlayStation_and_PC,2,1,b02_stalled_5g_nhits_geforce_clay_straight_v5_b0_seed911,16,20260719,none,none_delay0.00,0.0,0.0,5g_nhits_geforce,stalled,clay,straight,5.0,0,911,/home/ksha/Documents/sbel/offroad-control/benchmarking/results/human_delay_compensation_rounds_20260802_224342/raw/0016_none_stalled_5g_nhits_geforce_clay_straight_v5_b0_r1,0,23.879713773727417,ok,/home/ksha/Documents/sbel/offroad-control/benchmarking/results/human_delay_compensation_rounds_20260802_224342/raw/0016_none_stalled_5g_nhits_geforce_clay_straight_v5_b0_r1/sim_diag.csv,/home/ksha/Documents/sbel/offroad-control/benchmarking/results/human_delay_compensation_rounds_20260802_224342/raw/0016_none_stalled_5g_nhits_geforce_clay_straight_v5_b0_r1/collision_log.csv,,14.7,0.94,0,2,chrono_body_contact,145,2.521307177450171,4.255659,1.974271052173913,3.4060481130434783,0.6812096226086957,40.83045722133451,39.995434,1.601821,-0.576937,40.0,1,1,1,,,,,0
human_delay_compensation_rounds,study,acmd_single_operator_hil_demo_v2,op01,G923_Racing_Wheel_for_PlayStation_and_PC,2,1,b02_oncoming_5g_nhits_geforce_clay_straight_v5_b0_seed911,17,20260719,dob_cbf,dob_cbf_delay0.00,0.0,0.0,5g_nhits_geforce,oncoming,clay,straight,5.0,0,911,/home/ksha/Documents/sbel/offroad-control/benchmarking/results/human_delay_compensation_rounds_20260802_224342/raw/0017_dob_cbf_oncoming_5g_nhits_geforce_clay_straight_v5_b0_r1,0,22.28627872467041,ok,/home/ksha/Documents/sbel/offroad-control/benchmarking/results/human_delay_compensation_rounds_20260802_224342/raw/0017_dob_cbf_oncoming_5g_nhits_geforce_clay_straight_v5_b0_r1/sim_diag.csv,/home/ksha/Documents/sbel/offroad-control/benchmarking/results/human_delay_compensation_rounds_20260802_224342/raw/0017_dob_cbf_oncoming_5g_nhits_geforce_clay_straight_v5_b0_r1/collision_log.csv,/home/ksha/Documents/sbel/offroad-control/benchmarking/results/human_delay_compensation_rounds_20260802_224342/raw/0017_dob_cbf_oncoming_5g_nhits_geforce_clay_straight_v5_b0_r1/cbf_filter_log.csv,11.3,0.83,0,1,chrono_body_contact,111,0.8724635697585471,1.600921,0.6059872592592592,4.503282135802469,0.9006564271604939,39.783992073312305,39.719331,-1.547458,0.959715,40.0,1,1,1,7.8,,0.055616304347826086,0.029568478260869564,0
human_delay_compensation_rounds,study,acmd_single_operator_hil_demo_v2,op01,G923_Racing_Wheel_for_PlayStation_and_PC,2,1,b02_lead_brake_5g_nhits_geforce_clay_straight_v5_b0_seed911,18,20260719,dob_cbf,dob_cbf_delay0.00,0.0,0.0,5g_nhits_geforce,lead_brake,clay,straight,5.0,0,911,/home/ksha/Documents/sbel/offroad-control/benchmarking/results/human_delay_compensation_rounds_20260802_224342/raw/0018_dob_cbf_lead_brake_5g_nhits_geforce_clay_straight_v5_b0_r1,0,34.72369575500488,ok,/home/ksha/Documents/sbel/offroad-control/benchmarking/results/human_delay_compensation_rounds_20260802_224342/raw/0018_dob_cbf_lead_brake_5g_nhits_geforce_clay_straight_v5_b0_r1/sim_diag.csv,/home/ksha/Documents/sbel/offroad-control/benchmarking/results/human_delay_compensation_rounds_20260802_224342/raw/0018_dob_cbf_lead_brake_5g_nhits_geforce_clay_straight_v5_b0_r1/collision_log.csv,/home/ksha/Documents/sbel/offroad-control/benchmarking/results/human_delay_compensation_rounds_20260802_224342/raw/0018_dob_cbf_lead_brake_5g_nhits_geforce_clay_straight_v5_b0_r1/cbf_filter_log.csv,25.0,0.95,0,0,chrono_body_contact,246,0.005966525572897265,0.015298,0.004302819444444444,0.00013976388888888887,2.7952777777777773e-05,0.31851874564713134,0.049825,-0.006936,5.23194,40.0,0,0,0,100.0,,0.4139304347826087,0.1279407114624506,0
human_delay_compensation_rounds,study,acmd_single_operator_hil_demo_v2,op01,G923_Racing_Wheel_for_PlayStation_and_PC,2,1,b02_stalled_5g_nhits_geforce_clay_straight_v5_b0_seed911,19,20260719,dob_cbf,dob_cbf_delay0.00,0.0,0.0,5g_nhits_geforce,stalled,clay,straight,5.0,0,911,/home/ksha/Documents/sbel/offroad-control/benchmarking/results/human_delay_compensation_rounds_20260802_224342/raw/0019_dob_cbf_stalled_5g_nhits_geforce_clay_straight_v5_b0_r1,0,34.978116512298584,ok,/home/ksha/Documents/sbel/offroad-control/benchmarking/results/human_delay_compensation_rounds_20260802_224342/raw/0019_dob_cbf_stalled_5g_nhits_geforce_clay_straight_v5_b0_r1/sim_diag.csv,/home/ksha/Documents/sbel/offroad-control/benchmarking/results/human_delay_compensation_rounds_20260802_224342/raw/0019_dob_cbf_stalled_5g_nhits_geforce_clay_straight_v5_b0_r1/collision_log.csv,/home/ksha/Documents/sbel/offroad-control/benchmarking/results/human_delay_compensation_rounds_20260802_224342/raw/0019_dob_cbf_stalled_5g_nhits_geforce_clay_straight_v5_b0_r1/cbf_filter_log.csv,25.0,0.94,0,0,chrono_body_contact,246,0.1171905213989169,0.160448,0.11200807407407408,0.11673562499999998,0.023347124999999996,4.9476003332573155,4.640964,0.115853,7.583043,40.0,0,0,0,79.8,,0.265955980861244,0.2693712918660287,0
human_delay_compensation_rounds,study,acmd_single_operator_hil_demo_v2,op01,G923_Racing_Wheel_for_PlayStation_and_PC,2,1,b02_cut_in_5g_nhits_geforce_clay_straight_v5_b0_seed911,20,20260719,dob_cbf,dob_cbf_delay0.00,0.0,0.0,5g_nhits_geforce,cut_in,clay,straight,5.0,0,911,/home/ksha/Documents/sbel/offroad-control/benchmarking/results/human_delay_compensation_rounds_20260802_224342/raw/0020_dob_cbf_cut_in_5g_nhits_geforce_clay_straight_v5_b0_r1,0,34.77725267410278,ok,/home/ksha/Documents/sbel/offroad-control/benchmarking/results/human_delay_compensation_rounds_20260802_224342/raw/0020_dob_cbf_cut_in_5g_nhits_geforce_clay_straight_v5_b0_r1/sim_diag.csv,/home/ksha/Documents/sbel/offroad-control/benchmarking/results/human_delay_compensation_rounds_20260802_224342/raw/0020_dob_cbf_cut_in_5g_nhits_geforce_clay_straight_v5_b0_r1/collision_log.csv,/home/ksha/Documents/sbel/offroad-control/benchmarking/results/human_delay_compensation_rounds_20260802_224342/raw/0020_dob_cbf_cut_in_5g_nhits_geforce_clay_straight_v5_b0_r1/cbf_filter_log.csv,25.0,0.95,0,0,chrono_body_contact,246,0.01771180332760447,0.02795,0.01687603240740741,0.0003845092592592593,7.690185185185186e-05,0.15854692520006447,0.052574,0.011838,5.890597,40.0,0,0,0,100.0,,0.06908339920948615,0.1448501976284585,0
human_delay_compensation_rounds,study,acmd_single_operator_hil_demo_v2,op01,G923_Racing_Wheel_for_PlayStation_and_PC,2,1,b02_oncoming_5g_nhits_geforce_clay_straight_v5_b0_seed911,21,20260719,none,none_delay0.00,0.0,0.0,5g_nhits_geforce,oncoming,clay,straight,5.0,0,911,/home/ksha/Documents/sbel/offroad-control/benchmarking/results/human_delay_compensation_rounds_20260802_224342/raw/0021_none_oncoming_5g_nhits_geforce_clay_straight_v5_b0_r1,0,20.37070083618164,ok,/home/ksha/Documents/sbel/offroad-control/benchmarking/results/human_delay_compensation_rounds_20260802_224342/raw/0021_none_oncoming_5g_nhits_geforce_clay_straight_v5_b0_r1/sim_diag.csv,/home/ksha/Documents/sbel/offroad-control/benchmarking/results/human_delay_compensation_rounds_20260802_224342/raw/0021_none_oncoming_5g_nhits_geforce_clay_straight_v5_b0_r1/collision_log.csv,,10.1,0.84,0,3,chrono_body_contact,100,0.19453620560039714,0.325077,0.16110797142857144,5.311389471428572,1.0622778942857143,39.728341847204035,39.752077,-0.285619,0.24349,40.0,1,1,1,,,,,0
human_delay_compensation_rounds,study,acmd_single_operator_hil_demo_v2,op01,G923_Racing_Wheel_for_PlayStation_and_PC,2,1,b02_lead_brake_5g_nhits_geforce_clay_straight_v5_b0_seed911,22,20260719,mpsf,mpsf_delay0.00,0.0,0.0,5g_nhits_geforce,lead_brake,clay,straight,5.0,0,911,/home/ksha/Documents/sbel/offroad-control/benchmarking/results/human_delay_compensation_rounds_20260802_224342/raw/0022_mpsf_lead_brake_5g_nhits_geforce_clay_straight_v5_b0_r1,0,27.20946478843689,ok,/home/ksha/Documents/sbel/offroad-control/benchmarking/results/human_delay_compensation_rounds_20260802_224342/raw/0022_mpsf_lead_brake_5g_nhits_geforce_clay_straight_v5_b0_r1/sim_diag.csv,/home/ksha/Documents/sbel/offroad-control/benchmarking/results/human_delay_compensation_rounds_20260802_224342/raw/0022_mpsf_lead_brake_5g_nhits_geforce_clay_straight_v5_b0_r1/collision_log.csv,,17.7,0.95,0,0,chrono_body_contact,174,0.6460881971556033,1.243632,0.5095563472222222,2.7207254999999995,0.5441450999999999,40.152188514631504,39.551481,1.243632,1.326001,40.0,1,1,1,87.8,1.558,,,0
human_delay_compensation_rounds,study,acmd_single_operator_hil_demo_v2,op01,G923_Racing_Wheel_for_PlayStation_and_PC,2,1,b02_cut_in_5g_nhits_geforce_clay_straight_v5_b0_seed911,23,20260719,mpsf,mpsf_delay0.00,0.0,0.0,5g_nhits_geforce,cut_in,clay,straight,5.0,0,911,/home/ksha/Documents/sbel/offroad-control/benchmarking/results/human_delay_compensation_rounds_20260802_224342/raw/0023_mpsf_cut_in_5g_nhits_geforce_clay_straight_v5_b0_r1,0,23.74381136894226,ok,/home/ksha/Documents/sbel/offroad-control/benchmarking/results/human_delay_compensation_rounds_20260802_224342/raw/0023_mpsf_cut_in_5g_nhits_geforce_clay_straight_v5_b0_r1/sim_diag.csv,/home/ksha/Documents/sbel/offroad-control/benchmarking/results/human_delay_compensation_rounds_20260802_224342/raw/0023_mpsf_cut_in_5g_nhits_geforce_clay_straight_v5_b0_r1/collision_log.csv,,14.1,0.93,0,0,chrono_body_contact,139,1.9393746627030075,3.597519,1.5283537981651374,3.6065290275229356,0.7213058055045871,40.55345675942,40.009938,-1.579265,1.528041,40.0,1,1,1,72.7,0.954,,,0
human_delay_compensation_rounds,study,acmd_single_operator_hil_demo_v2,op01,G923_Racing_Wheel_for_PlayStation_and_PC,3,2,b03_stalled_5g_nhits_geforce_clay_straight_v5_b0_seed912,24,20260719,none,none_delay0.00,0.0,0.0,5g_nhits_geforce,stalled,clay,straight,5.0,0,912,/home/ksha/Documents/sbel/offroad-control/benchmarking/results/human_delay_compensation_rounds_20260802_224342/raw/0024_none_stalled_5g_nhits_geforce_clay_straight_v5_b0_r2,0,22.5426344871521,ok,/home/ksha/Documents/sbel/offroad-control/benchmarking/results/human_delay_compensation_rounds_20260802_224342/raw/0024_none_stalled_5g_nhits_geforce_clay_straight_v5_b0_r2/sim_diag.csv,/home/ksha/Documents/sbel/offroad-control/benchmarking/results/human_delay_compensation_rounds_20260802_224342/raw/0024_none_stalled_5g_nhits_geforce_clay_straight_v5_b0_r2/collision_log.csv,,13.5,0.94,0,1,chrono_body_contact,133,3.155272246154014,5.385109,2.449517951456311,3.877633504854369,0.7755267009708737,41.53672190331696,39.937937,-1.642491,0.975192,40.0,1,1,1,,,,,0
human_delay_compensation_rounds,study,acmd_single_operator_hil_demo_v2,op01,G923_Racing_Wheel_for_PlayStation_and_PC,3,2,b03_oncoming_5g_nhits_geforce_clay_straight_v5_b0_seed912,25,20260719,mpsf,mpsf_delay0.00,0.0,0.0,5g_nhits_geforce,oncoming,clay,straight,5.0,0,912,/home/ksha/Documents/sbel/offroad-control/benchmarking/results/human_delay_compensation_rounds_20260802_224342/raw/0025_mpsf_oncoming_5g_nhits_geforce_clay_straight_v5_b0_r2,0,21.379541873931885,ok,/home/ksha/Documents/sbel/offroad-control/benchmarking/results/human_delay_compensation_rounds_20260802_224342/raw/0025_mpsf_oncoming_5g_nhits_geforce_clay_straight_v5_b0_r2/sim_diag.csv,/home/ksha/Documents/sbel/offroad-control/benchmarking/results/human_delay_compensation_rounds_20260802_224342/raw/0025_mpsf_oncoming_5g_nhits_geforce_clay_straight_v5_b0_r2/collision_log.csv,,10.2,0.81,0,0,chrono_body_contact,101,1.9044119659091587,2.555057,1.6199235352112675,5.131085845070423,1.0262171690140847,40.10877780979983,39.871608,-2.015394,1.41392,40.0,1,1,1,55.8,0.856,,,0
human_delay_compensation_rounds,study,acmd_single_operator_hil_demo_v2,op01,G923_Racing_Wheel_for_PlayStation_and_PC,3,2,b03_stalled_5g_nhits_geforce_clay_straight_v5_b0_seed912,26,20260719,mpsf,mpsf_delay0.00,0.0,0.0,5g_nhits_geforce,stalled,clay,straight,5.0,0,912,/home/ksha/Documents/sbel/offroad-control/benchmarking/results/human_delay_compensation_rounds_20260802_224342/raw/0026_mpsf_stalled_5g_nhits_geforce_clay_straight_v5_b0_r2,0,26.648037672042847,ok,/home/ksha/Documents/sbel/offroad-control/benchmarking/results/human_delay_compensation_rounds_20260802_224342/raw/0026_mpsf_stalled_5g_nhits_geforce_clay_straight_v5_b0_r2/sim_diag.csv,/home/ksha/Documents/sbel/offroad-control/benchmarking/results/human_delay_compensation_rounds_20260802_224342/raw/0026_mpsf_stalled_5g_nhits_geforce_clay_straight_v5_b0_r2/collision_log.csv,,16.7,0.93,0,0,chrono_body_contact,164,2.920425812753194,5.372977,2.18924578358209,2.9195306791044775,0.5839061358208955,41.72144696203667,39.838184,-0.16872,1.291623,40.0,1,1,1,27.2,0.683,,,0
human_delay_compensation_rounds,study,acmd_single_operator_hil_demo_v2,op01,G923_Racing_Wheel_for_PlayStation_and_PC,3,2,b03_stalled_5g_nhits_geforce_clay_straight_v5_b0_seed912,27,20260719,dob_cbf,dob_cbf_delay0.00,0.0,0.0,5g_nhits_geforce,stalled,clay,straight,5.0,0,912,/home/ksha/Documents/sbel/offroad-control/benchmarking/results/human_delay_compensation_rounds_20260802_224342/raw/0027_dob_cbf_stalled_5g_nhits_geforce_clay_straight_v5_b0_r2,0,35.432011127471924,ok,/home/ksha/Documents/sbel/offroad-control/benchmarking/results/human_delay_compensation_rounds_20260802_224342/raw/0027_dob_cbf_stalled_5g_nhits_geforce_clay_straight_v5_b0_r2/sim_diag.csv,/home/ksha/Documents/sbel/offroad-control/benchmarking/results/human_delay_compensation_rounds_20260802_224342/raw/0027_dob_cbf_stalled_5g_nhits_geforce_clay_straight_v5_b0_r2/collision_log.csv,/home/ksha/Documents/sbel/offroad-control/benchmarking/results/human_delay_compensation_rounds_20260802_224342/raw/0027_dob_cbf_stalled_5g_nhits_geforce_clay_straight_v5_b0_r2/cbf_filter_log.csv,25.0,0.93,0,0,chrono_body_contact,246,0.07173395079053237,0.093618,0.07030787037037037,0.1654168611111111,0.03308337222222222,5.659695304092844,5.349283,0.057299,6.88457,40.0,0,0,0,85.8,,0.5474484581497797,0.20327312775330397,0
human_delay_compensation_rounds,study,acmd_single_operator_hil_demo_v2,op01,G923_Racing_Wheel_for_PlayStation_and_PC,3,2,b03_cut_in_5g_nhits_geforce_clay_straight_v5_b0_seed912,28,20260719,none,none_delay0.00,0.0,0.0,5g_nhits_geforce,cut_in,clay,straight,5.0,0,912,/home/ksha/Documents/sbel/offroad-control/benchmarking/results/human_delay_compensation_rounds_20260802_224342/raw/0028_none_cut_in_5g_nhits_geforce_clay_straight_v5_b0_r2,0,21.98975896835327,ok,/home/ksha/Documents/sbel/offroad-control/benchmarking/results/human_delay_compensation_rounds_20260802_224342/raw/0028_none_cut_in_5g_nhits_geforce_clay_straight_v5_b0_r2/sim_diag.csv,/home/ksha/Documents/sbel/offroad-control/benchmarking/results/human_delay_compensation_rounds_20260802_224342/raw/0028_none_cut_in_5g_nhits_geforce_clay_straight_v5_b0_r2/collision_log.csv,,13.0,0.94,0,0,chrono_body_contact,128,1.331096709018027,1.985975,1.1257396224489797,3.991968112244898,0.7983936224489796,39.941172008099855,39.597982,-0.507465,1.104452,40.0,1,1,1,,,,,0
human_delay_compensation_rounds,study,acmd_single_operator_hil_demo_v2,op01,G923_Racing_Wheel_for_PlayStation_and_PC,3,2,b03_oncoming_5g_nhits_geforce_clay_straight_v5_b0_seed912,29,20260719,none,none_delay0.00,0.0,0.0,5g_nhits_geforce,oncoming,clay,straight,5.0,0,912,/home/ksha/Documents/sbel/offroad-control/benchmarking/results/human_delay_compensation_rounds_20260802_224342/raw/0029_none_oncoming_5g_nhits_geforce_clay_straight_v5_b0_r2,0,20.727414846420288,ok,/home/ksha/Documents/sbel/offroad-control/benchmarking/results/human_delay_compensation_rounds_20260802_224342/raw/0029_none_oncoming_5g_nhits_geforce_clay_straight_v5_b0_r2/sim_diag.csv,/home/ksha/Documents/sbel/offroad-control/benchmarking/results/human_delay_compensation_rounds_20260802_224342/raw/0029_none_oncoming_5g_nhits_geforce_clay_straight_v5_b0_r2/collision_log.csv,,10.1,0.82,0,3,chrono_body_contact,100,1.0267234546592656,1.737621,0.8456624571428571,5.279688142857144,1.0559376285714288,39.98206253722963,39.825344,-0.531045,0.256592,40.0,1,1,1,,,,,0
human_delay_compensation_rounds,study,acmd_single_operator_hil_demo_v2,op01,G923_Racing_Wheel_for_PlayStation_and_PC,3,2,b03_lead_brake_5g_nhits_geforce_clay_straight_v5_b0_seed912,30,20260719,mpsf,mpsf_delay0.00,0.0,0.0,5g_nhits_geforce,lead_brake,clay,straight,5.0,0,912,/home/ksha/Documents/sbel/offroad-control/benchmarking/results/human_delay_compensation_rounds_20260802_224342/raw/0030_mpsf_lead_brake_5g_nhits_geforce_clay_straight_v5_b0_r2,0,34.88659071922302,ok,/home/ksha/Documents/sbel/offroad-control/benchmarking/results/human_delay_compensation_rounds_20260802_224342/raw/0030_mpsf_lead_brake_5g_nhits_geforce_clay_straight_v5_b0_r2/sim_diag.csv,/home/ksha/Documents/sbel/offroad-control/benchmarking/results/human_delay_compensation_rounds_20260802_224342/raw/0030_mpsf_lead_brake_5g_nhits_geforce_clay_straight_v5_b0_r2/collision_log.csv,,25.0,0.95,0,0,chrono_body_contact,246,2.303282029243032,7.339991,1.2517774907407409,0.7363705416666667,0.14727410833333335,16.689219375040533,13.964082,7.339991,2.565602,40.0,0,0,0,87.0,3.585,,,0
human_delay_compensation_rounds,study,acmd_single_operator_hil_demo_v2,op01,G923_Racing_Wheel_for_PlayStation_and_PC,3,2,b03_lead_brake_5g_nhits_geforce_clay_straight_v5_b0_seed912,31,20260719,dob_cbf,dob_cbf_delay0.00,0.0,0.0,5g_nhits_geforce,lead_brake,clay,straight,5.0,0,912,/home/ksha/Documents/sbel/offroad-control/benchmarking/results/human_delay_compensation_rounds_20260802_224342/raw/0031_dob_cbf_lead_brake_5g_nhits_geforce_clay_straight_v5_b0_r2,0,35.5140860080719,ok,/home/ksha/Documents/sbel/offroad-control/benchmarking/results/human_delay_compensation_rounds_20260802_224342/raw/0031_dob_cbf_lead_brake_5g_nhits_geforce_clay_straight_v5_b0_r2/sim_diag.csv,/home/ksha/Documents/sbel/offroad-control/benchmarking/results/human_delay_compensation_rounds_20260802_224342/raw/0031_dob_cbf_lead_brake_5g_nhits_geforce_clay_straight_v5_b0_r2/collision_log.csv,/home/ksha/Documents/sbel/offroad-control/benchmarking/results/human_delay_compensation_rounds_20260802_224342/raw/0031_dob_cbf_lead_brake_5g_nhits_geforce_clay_straight_v5_b0_r2/cbf_filter_log.csv,25.0,0.93,0,0,chrono_body_contact,246,0.007530320704461201,0.018124,0.005407949074074075,-0.0003500694444444444,-7.001388888888888e-05,0.30496972942296274,0.0535,-0.000948,5.231721,40.0,0,0,0,100.0,,0.38450079051383396,0.13869802371541504,0
human_delay_compensation_rounds,study,acmd_single_operator_hil_demo_v2,op01,G923_Racing_Wheel_for_PlayStation_and_PC,3,2,b03_oncoming_5g_nhits_geforce_clay_straight_v5_b0_seed912,32,20260719,dob_cbf,dob_cbf_delay0.00,0.0,0.0,5g_nhits_geforce,oncoming,clay,straight,5.0,0,912,/home/ksha/Documents/sbel/offroad-control/benchmarking/results/human_delay_compensation_rounds_20260802_224342/raw/0032_dob_cbf_oncoming_5g_nhits_geforce_clay_straight_v5_b0_r2,0,23.033490657806396,ok,/home/ksha/Documents/sbel/offroad-control/benchmarking/results/human_delay_compensation_rounds_20260802_224342/raw/0032_dob_cbf_oncoming_5g_nhits_geforce_clay_straight_v5_b0_r2/sim_diag.csv,/home/ksha/Documents/sbel/offroad-control/benchmarking/results/human_delay_compensation_rounds_20260802_224342/raw/0032_dob_cbf_oncoming_5g_nhits_geforce_clay_straight_v5_b0_r2/collision_log.csv,/home/ksha/Documents/sbel/offroad-control/benchmarking/results/human_delay_compensation_rounds_20260802_224342/raw/0032_dob_cbf_oncoming_5g_nhits_geforce_clay_straight_v5_b0_r2/cbf_filter_log.csv,11.9,0.82,0,2,chrono_body_contact,117,1.1226323375220841,1.644453,1.004186206896552,4.212559183908047,0.8425118367816093,39.94255843561886,39.746514,-1.644453,-0.183369,40.0,1,1,1,16.5,,0.16424077669902915,0.1187242718446602,0
human_delay_compensation_rounds,study,acmd_single_operator_hil_demo_v2,op01,G923_Racing_Wheel_for_PlayStation_and_PC,3,2,b03_cut_in_5g_nhits_geforce_clay_straight_v5_b0_seed912,33,20260719,mpsf,mpsf_delay0.00,0.0,0.0,5g_nhits_geforce,cut_in,clay,straight,5.0,0,912,/home/ksha/Documents/sbel/offroad-control/benchmarking/results/human_delay_compensation_rounds_20260802_224342/raw/0033_mpsf_cut_in_5g_nhits_geforce_clay_straight_v5_b0_r2,0,23.537537574768066,ok,/home/ksha/Documents/sbel/offroad-control/benchmarking/results/human_delay_compensation_rounds_20260802_224342/raw/0033_mpsf_cut_in_5g_nhits_geforce_clay_straight_v5_b0_r2/sim_diag.csv,/home/ksha/Documents/sbel/offroad-control/benchmarking/results/human_delay_compensation_rounds_20260802_224342/raw/0033_mpsf_cut_in_5g_nhits_geforce_clay_straight_v5_b0_r2/collision_log.csv,,13.7,0.92,0,0,chrono_body_contact,134,2.3521700544444695,4.115359,1.9252028557692307,3.7669921634615386,0.7533984326923078,41.07627054804003,39.650425,0.738525,1.39806,40.0,1,1,1,87.0,2.508,,,0
human_delay_compensation_rounds,study,acmd_single_operator_hil_demo_v2,op01,G923_Racing_Wheel_for_PlayStation_and_PC,3,2,b03_cut_in_5g_nhits_geforce_clay_straight_v5_b0_seed912,34,20260719,dob_cbf,dob_cbf_delay0.00,0.0,0.0,5g_nhits_geforce,cut_in,clay,straight,5.0,0,912,/home/ksha/Documents/sbel/offroad-control/benchmarking/results/human_delay_compensation_rounds_20260802_224342/raw/0034_dob_cbf_cut_in_5g_nhits_geforce_clay_straight_v5_b0_r2,0,35.157867670059204,ok,/home/ksha/Documents/sbel/offroad-control/benchmarking/results/human_delay_compensation_rounds_20260802_224342/raw/0034_dob_cbf_cut_in_5g_nhits_geforce_clay_straight_v5_b0_r2/sim_diag.csv,/home/ksha/Documents/sbel/offroad-control/benchmarking/results/human_delay_compensation_rounds_20260802_224342/raw/0034_dob_cbf_cut_in_5g_nhits_geforce_clay_straight_v5_b0_r2/collision_log.csv,/home/ksha/Documents/sbel/offroad-control/benchmarking/results/human_delay_compensation_rounds_20260802_224342/raw/0034_dob_cbf_cut_in_5g_nhits_geforce_clay_straight_v5_b0_r2/cbf_filter_log.csv,25.0,0.94,0,0,chrono_body_contact,246,0.012977902865704716,0.021602,0.012670930555555555,9.12592592592593e-05,1.825185185185186e-05,0.16827536534066934,0.054206,0.011898,5.894806,40.0,0,0,0,100.0,,0.18712213438735176,0.20387549407114625,0
human_delay_compensation_rounds,study,acmd_single_operator_hil_demo_v2,op01,G923_Racing_Wheel_for_PlayStation_and_PC,3,2,b03_lead_brake_5g_nhits_geforce_clay_straight_v5_b0_seed912,35,20260719,none,none_delay0.00,0.0,0.0,5g_nhits_geforce,lead_brake,clay,straight,5.0,0,912,/home/ksha/Documents/sbel/offroad-control/benchmarking/results/human_delay_compensation_rounds_20260802_224342/raw/0035_none_lead_brake_5g_nhits_geforce_clay_straight_v5_b0_r2,0,26.802298545837402,ok,/home/ksha/Documents/sbel/offroad-control/benchmarking/results/human_delay_compensation_rounds_20260802_224342/raw/0035_none_lead_brake_5g_nhits_geforce_clay_straight_v5_b0_r2/sim_diag.csv,/home/ksha/Documents/sbel/offroad-control/benchmarking/results/human_delay_compensation_rounds_20260802_224342/raw/0035_none_lead_brake_5g_nhits_geforce_clay_straight_v5_b0_r2/collision_log.csv,,17.7,0.95,0,2,chrono_body_contact,174,1.2297608580527257,2.132247,1.020596284722222,2.727087694444444,0.5454175388888889,40.41551365281256,39.555649,-0.529595,0.054887,40.0,1,1,1,,,,,0
human_delay_compensation_rounds,study,acmd_single_operator_hil_demo_v2,op01,G923_Racing_Wheel_for_PlayStation_and_PC,4,3,b04_lead_brake_5g_nhits_geforce_clay_straight_v5_b0_seed913,36,20260719,dob_cbf,dob_cbf_delay0.00,0.0,0.0,5g_nhits_geforce,lead_brake,clay,straight,5.0,0,913,/home/ksha/Documents/sbel/offroad-control/benchmarking/results/human_delay_compensation_rounds_20260802_224342/raw/0036_dob_cbf_lead_brake_5g_nhits_geforce_clay_straight_v5_b0_r3,0,34.851706981658936,ok,/home/ksha/Documents/sbel/offroad-control/benchmarking/results/human_delay_compensation_rounds_20260802_224342/raw/0036_dob_cbf_lead_brake_5g_nhits_geforce_clay_straight_v5_b0_r3/sim_diag.csv,/home/ksha/Documents/sbel/offroad-control/benchmarking/results/human_delay_compensation_rounds_20260802_224342/raw/0036_dob_cbf_lead_brake_5g_nhits_geforce_clay_straight_v5_b0_r3/collision_log.csv,/home/ksha/Documents/sbel/offroad-control/benchmarking/results/human_delay_compensation_rounds_20260802_224342/raw/0036_dob_cbf_lead_brake_5g_nhits_geforce_clay_straight_v5_b0_r3/cbf_filter_log.csv,25.0,0.95,0,0,chrono_body_contact,246,0.015584553158734048,0.025455,0.013598370370370368,-0.0001205416666666666,-2.410833333333332e-05,0.3080631715987461,0.05274,-0.016098,5.227739,40.0,0,0,0,100.0,,0.46387588932806323,0.12846679841897232,0
human_delay_compensation_rounds,study,acmd_single_operator_hil_demo_v2,op01,G923_Racing_Wheel_for_PlayStation_and_PC,4,3,b04_stalled_5g_nhits_geforce_clay_straight_v5_b0_seed913,37,20260719,none,none_delay0.00,0.0,0.0,5g_nhits_geforce,stalled,clay,straight,5.0,0,913,/home/ksha/Documents/sbel/offroad-control/benchmarking/results/human_delay_compensation_rounds_20260802_224342/raw/0037_none_stalled_5g_nhits_geforce_clay_straight_v5_b0_r3,0,23.48573088645935,ok,/home/ksha/Documents/sbel/offroad-control/benchmarking/results/human_delay_compensation_rounds_20260802_224342/raw/0037_none_stalled_5g_nhits_geforce_clay_straight_v5_b0_r3/sim_diag.csv,/home/ksha/Documents/sbel/offroad-control/benchmarking/results/human_delay_compensation_rounds_20260802_224342/raw/0037_none_stalled_5g_nhits_geforce_clay_straight_v5_b0_r3/collision_log.csv,,14.6,0.96,0,1,chrono_body_contact,144,1.8991281599871748,3.879187,1.3105495701754388,3.3806065000000003,0.6761213,41.00406292540931,39.860593,0.07432,-0.031118,40.0,1,1,1,,,,,0
human_delay_compensation_rounds,study,acmd_single_operator_hil_demo_v2,op01,G923_Racing_Wheel_for_PlayStation_and_PC,4,3,b04_cut_in_5g_nhits_geforce_clay_straight_v5_b0_seed913,38,20260719,dob_cbf,dob_cbf_delay0.00,0.0,0.0,5g_nhits_geforce,cut_in,clay,straight,5.0,0,913,/home/ksha/Documents/sbel/offroad-control/benchmarking/results/human_delay_compensation_rounds_20260802_224342/raw/0038_dob_cbf_cut_in_5g_nhits_geforce_clay_straight_v5_b0_r3,0,34.56533598899841,ok,/home/ksha/Documents/sbel/offroad-control/benchmarking/results/human_delay_compensation_rounds_20260802_224342/raw/0038_dob_cbf_cut_in_5g_nhits_geforce_clay_straight_v5_b0_r3/sim_diag.csv,/home/ksha/Documents/sbel/offroad-control/benchmarking/results/human_delay_compensation_rounds_20260802_224342/raw/0038_dob_cbf_cut_in_5g_nhits_geforce_clay_straight_v5_b0_r3/collision_log.csv,/home/ksha/Documents/sbel/offroad-control/benchmarking/results/human_delay_compensation_rounds_20260802_224342/raw/0038_dob_cbf_cut_in_5g_nhits_geforce_clay_straight_v5_b0_r3/cbf_filter_log.csv,25.0,0.96,0,0,chrono_body_contact,246,0.025431928916554217,0.032844,0.025013194444444446,4.9768518518518624e-05,9.953703703703725e-06,0.18492313889536527,0.053151,0.01841,5.861799,40.0,0,0,0,100.0,,0.07113636363636365,0.18854584980237152,0
human_delay_compensation_rounds,study,acmd_single_operator_hil_demo_v2,op01,G923_Racing_Wheel_for_PlayStation_and_PC,4,3,b04_stalled_5g_nhits_geforce_clay_straight_v5_b0_seed913,39,20260719,dob_cbf,dob_cbf_delay0.00,0.0,0.0,5g_nhits_geforce,stalled,clay,straight,5.0,0,913,/home/ksha/Documents/sbel/offroad-control/benchmarking/results/human_delay_compensation_rounds_20260802_224342/raw/0039_dob_cbf_stalled_5g_nhits_geforce_clay_straight_v5_b0_r3,0,34.423786878585815,ok,/home/ksha/Documents/sbel/offroad-control/benchmarking/results/human_delay_compensation_rounds_20260802_224342/raw/0039_dob_cbf_stalled_5g_nhits_geforce_clay_straight_v5_b0_r3/sim_diag.csv,/home/ksha/Documents/sbel/offroad-control/benchmarking/results/human_delay_compensation_rounds_20260802_224342/raw/0039_dob_cbf_stalled_5g_nhits_geforce_clay_straight_v5_b0_r3/collision_log.csv,/home/ksha/Documents/sbel/offroad-control/benchmarking/results/human_delay_compensation_rounds_20260802_224342/raw/0039_dob_cbf_stalled_5g_nhits_geforce_clay_straight_v5_b0_r3/cbf_filter_log.csv,25.0,0.96,0,0,chrono_body_contact,246,0.12108444209269062,0.134125,0.1190434537037037,0.16646254166666663,0.033292508333333325,4.316898470085927,4.027608,0.128698,8.206402,40.0,0,0,0,41.9,,0.0501503355704698,0.3064114093959731,0
human_delay_compensation_rounds,study,acmd_single_operator_hil_demo_v2,op01,G923_Racing_Wheel_for_PlayStation_and_PC,4,3,b04_cut_in_5g_nhits_geforce_clay_straight_v5_b0_seed913,40,20260719,mpsf,mpsf_delay0.00,0.0,0.0,5g_nhits_geforce,cut_in,clay,straight,5.0,0,913,/home/ksha/Documents/sbel/offroad-control/benchmarking/results/human_delay_compensation_rounds_20260802_224342/raw/0040_mpsf_cut_in_5g_nhits_geforce_clay_straight_v5_b0_r3,0,23.518861055374146,ok,/home/ksha/Documents/sbel/offroad-control/benchmarking/results/human_delay_compensation_rounds_20260802_224342/raw/0040_mpsf_cut_in_5g_nhits_geforce_clay_straight_v5_b0_r3/sim_diag.csv,/home/ksha/Documents/sbel/offroad-control/benchmarking/results/human_delay_compensation_rounds_20260802_224342/raw/0040_mpsf_cut_in_5g_nhits_geforce_clay_straight_v5_b0_r3/collision_log.csv,,13.8,0.93,0,0,chrono_body_contact,136,1.975359781524552,3.605462,1.4964059716981133,3.6837045660377354,0.7367409132075471,40.692410558161555,39.791878,0.371533,4.339596,40.0,1,1,1,80.0,1.349,,,0
human_delay_compensation_rounds,study,acmd_single_operator_hil_demo_v2,op01,G923_Racing_Wheel_for_PlayStation_and_PC,4,3,b04_lead_brake_5g_nhits_geforce_clay_straight_v5_b0_seed913,41,20260719,mpsf,mpsf_delay0.00,0.0,0.0,5g_nhits_geforce,lead_brake,clay,straight,5.0,0,913,/home/ksha/Documents/sbel/offroad-control/benchmarking/results/human_delay_compensation_rounds_20260802_224342/raw/0041_mpsf_lead_brake_5g_nhits_geforce_clay_straight_v5_b0_r3,0,25.098058462142944,ok,/home/ksha/Documents/sbel/offroad-control/benchmarking/results/human_delay_compensation_rounds_20260802_224342/raw/0041_mpsf_lead_brake_5g_nhits_geforce_clay_straight_v5_b0_r3/sim_diag.csv,/home/ksha/Documents/sbel/offroad-control/benchmarking/results/human_delay_compensation_rounds_20260802_224342/raw/0041_mpsf_lead_brake_5g_nhits_geforce_clay_straight_v5_b0_r3/collision_log.csv,,15.3,0.93,0,0,chrono_body_contact,150,3.428496214535203,5.753149,2.598115116666667,3.43601655,0.68720331,42.51317873841117,39.771152,-5.697074,1.565393,40.0,1,1,1,78.1,1.726,,,0
human_delay_compensation_rounds,study,acmd_single_operator_hil_demo_v2,op01,G923_Racing_Wheel_for_PlayStation_and_PC,4,3,b04_cut_in_5g_nhits_geforce_clay_straight_v5_b0_seed913,42,20260719,none,none_delay0.00,0.0,0.0,5g_nhits_geforce,cut_in,clay,straight,5.0,0,913,/home/ksha/Documents/sbel/offroad-control/benchmarking/results/human_delay_compensation_rounds_20260802_224342/raw/0042_none_cut_in_5g_nhits_geforce_clay_straight_v5_b0_r3,0,20.828773498535156,ok,/home/ksha/Documents/sbel/offroad-control/benchmarking/results/human_delay_compensation_rounds_20260802_224342/raw/0042_none_cut_in_5g_nhits_geforce_clay_straight_v5_b0_r3/sim_diag.csv,/home/ksha/Documents/sbel/offroad-control/benchmarking/results/human_delay_compensation_rounds_20260802_224342/raw/0042_none_cut_in_5g_nhits_geforce_clay_straight_v5_b0_r3/collision_log.csv,,11.9,0.95,0,0,chrono_body_contact,118,1.1786318651355179,2.500804,0.7325570340909091,4.251124545454545,0.8502249090909091,40.33212183482934,39.990662,2.202035,4.497862,40.0,1,1,1,,,,,0
human_delay_compensation_rounds,study,acmd_single_operator_hil_demo_v2,op01,G923_Racing_Wheel_for_PlayStation_and_PC,4,3,b04_oncoming_5g_nhits_geforce_clay_straight_v5_b0_seed913,43,20260719,dob_cbf,dob_cbf_delay0.00,0.0,0.0,5g_nhits_geforce,oncoming,clay,straight,5.0,0,913,/home/ksha/Documents/sbel/offroad-control/benchmarking/results/human_delay_compensation_rounds_20260802_224342/raw/0043_dob_cbf_oncoming_5g_nhits_geforce_clay_straight_v5_b0_r3,0,20.623121738433838,ok,/home/ksha/Documents/sbel/offroad-control/benchmarking/results/human_delay_compensation_rounds_20260802_224342/raw/0043_dob_cbf_oncoming_5g_nhits_geforce_clay_straight_v5_b0_r3/sim_diag.csv,/home/ksha/Documents/sbel/offroad-control/benchmarking/results/human_delay_compensation_rounds_20260802_224342/raw/0043_dob_cbf_oncoming_5g_nhits_geforce_clay_straight_v5_b0_r3/collision_log.csv,/home/ksha/Documents/sbel/offroad-control/benchmarking/results/human_delay_compensation_rounds_20260802_224342/raw/0043_dob_cbf_oncoming_5g_nhits_geforce_clay_straight_v5_b0_r3/cbf_filter_log.csv,10.1,0.84,0,1,chrono_body_contact,99,0.8580857484208674,2.062884,0.547877579710145,5.283645405797102,1.0567290811594203,40.02534553688781,39.909109,-2.062884,0.205885,40.0,1,1,1,20.6,,0.17993932584269665,0.06931123595505617,0
human_delay_compensation_rounds,study,acmd_single_operator_hil_demo_v2,op01,G923_Racing_Wheel_for_PlayStation_and_PC,4,3,b04_stalled_5g_nhits_geforce_clay_straight_v5_b0_seed913,44,20260719,mpsf,mpsf_delay0.00,0.0,0.0,5g_nhits_geforce,stalled,clay,straight,5.0,0,913,/home/ksha/Documents/sbel/offroad-control/benchmarking/results/human_delay_compensation_rounds_20260802_224342/raw/0044_mpsf_stalled_5g_nhits_geforce_clay_straight_v5_b0_r3,0,25.083221912384033,ok,/home/ksha/Documents/sbel/offroad-control/benchmarking/results/human_delay_compensation_rounds_20260802_224342/raw/0044_mpsf_stalled_5g_nhits_geforce_clay_straight_v5_b0_r3/sim_diag.csv,/home/ksha/Documents/sbel/offroad-control/benchmarking/results/human_delay_compensation_rounds_20260802_224342/raw/0044_mpsf_stalled_5g_nhits_geforce_clay_straight_v5_b0_r3/collision_log.csv,,15.3,0.93,0,0,chrono_body_contact,150,2.8287264626319653,5.416305,2.0485844833333333,3.3984476,0.6796895199999999,41.57884950851294,39.744769,0.420106,1.3089,40.0,1,1,1,49.0,1.348,,,0
human_delay_compensation_rounds,study,acmd_single_operator_hil_demo_v2,op01,G923_Racing_Wheel_for_PlayStation_and_PC,4,3,b04_lead_brake_5g_nhits_geforce_clay_straight_v5_b0_seed913,45,20260719,none,none_delay0.00,0.0,0.0,5g_nhits_geforce,lead_brake,clay,straight,5.0,0,913,/home/ksha/Documents/sbel/offroad-control/benchmarking/results/human_delay_compensation_rounds_20260802_224342/raw/0045_none_lead_brake_5g_nhits_geforce_clay_straight_v5_b0_r3,0,24.65075922012329,ok,/home/ksha/Documents/sbel/offroad-control/benchmarking/results/human_delay_compensation_rounds_20260802_224342/raw/0045_none_lead_brake_5g_nhits_geforce_clay_straight_v5_b0_r3/sim_diag.csv,/home/ksha/Documents/sbel/offroad-control/benchmarking/results/human_delay_compensation_rounds_20260802_224342/raw/0045_none_lead_brake_5g_nhits_geforce_clay_straight_v5_b0_r3/collision_log.csv,,15.5,0.95,0,1,chrono_body_contact,153,2.740447673072994,3.635027,2.427652910569105,3.2802012845528457,0.6560402569105691,41.40921409467457,40.040076,1.342492,-0.155409,40.0,1,1,1,,,,,0
human_delay_compensation_rounds,study,acmd_single_operator_hil_demo_v2,op01,G923_Racing_Wheel_for_PlayStation_and_PC,4,3,b04_oncoming_5g_nhits_geforce_clay_straight_v5_b0_seed913,46,20260719,none,none_delay0.00,0.0,0.0,5g_nhits_geforce,oncoming,clay,straight,5.0,0,913,/home/ksha/Documents/sbel/offroad-control/benchmarking/results/human_delay_compensation_rounds_20260802_224342/raw/0046_none_oncoming_5g_nhits_geforce_clay_straight_v5_b0_r3,0,18.817944288253784,ok,/home/ksha/Documents/sbel/offroad-control/benchmarking/results/human_delay_compensation_rounds_20260802_224342/raw/0046_none_oncoming_5g_nhits_geforce_clay_straight_v5_b0_r3/sim_diag.csv,/home/ksha/Documents/sbel/offroad-control/benchmarking/results/human_delay_compensation_rounds_20260802_224342/raw/0046_none_oncoming_5g_nhits_geforce_clay_straight_v5_b0_r3/collision_log.csv,,8.7,0.84,0,2,chrono_body_contact,86,0.20026938249455406,0.312979,0.1840012142857143,6.307349607142858,1.2614699214285716,39.6051416644563,39.632771,-0.312979,-0.077752,40.0,1,1,1,,,,,0
human_delay_compensation_rounds,study,acmd_single_operator_hil_demo_v2,op01,G923_Racing_Wheel_for_PlayStation_and_PC,4,3,b04_oncoming_5g_nhits_geforce_clay_straight_v5_b0_seed913,47,20260719,mpsf,mpsf_delay0.00,0.0,0.0,5g_nhits_geforce,oncoming,clay,straight,5.0,0,913,/home/ksha/Documents/sbel/offroad-control/benchmarking/results/human_delay_compensation_rounds_20260802_224342/raw/0047_mpsf_oncoming_5g_nhits_geforce_clay_straight_v5_b0_r3,0,22.779165506362915,ok,/home/ksha/Documents/sbel/offroad-control/benchmarking/results/human_delay_compensation_rounds_20260802_224342/raw/0047_mpsf_oncoming_5g_nhits_geforce_clay_straight_v5_b0_r3/sim_diag.csv,/home/ksha/Documents/sbel/offroad-control/benchmarking/results/human_delay_compensation_rounds_20260802_224342/raw/0047_mpsf_oncoming_5g_nhits_geforce_clay_straight_v5_b0_r3/collision_log.csv,,11.6,0.83,0,1,chrono_body_contact,114,2.4272800809013035,5.76354,1.4924050476190476,4.4426293928571425,0.8885258785714285,40.836482902588635,39.84188,-5.76354,0.65255,40.0,1,1,1,50.8,2.277,,,0
