idx,phase,study_id,operator_id,input_device_model,block,repetition,pair_id,filter,delay_s,convoy,terrain,path,speed_mps,bumpiness,seed,run_dir,command
0,study,acmd_single_operator_hil_demo_v2,op01,G923_Racing_Wheel_for_PlayStation_and_PC,1,0,b01_lead_brake_5g_nhits_geforce_clay_straight_v5_b0_seed910,none,0.0,lead_brake,clay,straight,5.0,0,910,/home/ksha/Documents/sbel/offroad-control/benchmarking/results/human_delay_compensation_rounds_20260802_224342/raw/0000_none_lead_brake_5g_nhits_geforce_clay_straight_v5_b0_r0,/home/ksha/miniconda3/envs/scm-terrain/bin/python -u /home/ksha/Documents/sbel/offroad-control/simulation/runtime/launch_decoupled.py --terrain clay --path straight --speed 5.0 --time 25.0 --lead-in 5.0 --bumpiness 0 --rocks 5 --rock-seed 910 --sim-seed 910 --sim-port 10400 --ctrl-port 10401 --transport ros --vis-mode sensor --manual-honor-time --sim-diag-csv /home/ksha/Documents/sbel/offroad-control/benchmarking/results/human_delay_compensation_rounds_20260802_224342/raw/0000_none_lead_brake_5g_nhits_geforce_clay_straight_v5_b0_r0/sim_diag.csv --nn-model rig_static_v5_cmd --simple-powertrain --cam-width 1280 --cam-height 800 --cam-fov 1.05 --cam-rate 30.0 --cam-fullscreen --delayed-pov --convoy lead_brake --traffic-detail mesh --goal-distance 40.0 --mesh-resolution 0.12 --latency-profile-json /home/ksha/Documents/sbel/offroad-control/latency_profiles/5g_nhits_geforce.json --latency-profile-log /home/ksha/Documents/sbel/offroad-control/benchmarking/results/human_delay_compensation_rounds_20260802_224342/raw/0000_none_lead_brake_5g_nhits_geforce_clay_straight_v5_b0_r0/latency_profile.csv --manual --rock-zone-x 10.0 98.0 --rock-zone-y -16.0 16.0 --rock-size 0.5 1.4 --rock-min-spacing 6.0 --rock-centerline-clear 3.0 --rock-spawn-clear 8.0
1,study,acmd_single_operator_hil_demo_v2,op01,G923_Racing_Wheel_for_PlayStation_and_PC,1,0,b01_oncoming_5g_nhits_geforce_clay_straight_v5_b0_seed910,mpsf,0.0,oncoming,clay,straight,5.0,0,910,/home/ksha/Documents/sbel/offroad-control/benchmarking/results/human_delay_compensation_rounds_20260802_224342/raw/0001_mpsf_oncoming_5g_nhits_geforce_clay_straight_v5_b0_r0,/home/ksha/miniconda3/envs/scm-terrain/bin/python -u /home/ksha/Documents/sbel/offroad-control/simulation/runtime/launch_decoupled.py --terrain clay --path straight --speed 5.0 --time 25.0 --lead-in 5.0 --bumpiness 0 --rocks 5 --rock-seed 910 --sim-seed 910 --sim-port 10402 --ctrl-port 10403 --transport ros --vis-mode sensor --manual-honor-time --sim-diag-csv /home/ksha/Documents/sbel/offroad-control/benchmarking/results/human_delay_compensation_rounds_20260802_224342/raw/0001_mpsf_oncoming_5g_nhits_geforce_clay_straight_v5_b0_r0/sim_diag.csv --nn-model rig_static_v5_cmd --simple-powertrain --cam-width 1280 --cam-height 800 --cam-fov 1.05 --cam-rate 30.0 --cam-fullscreen --delayed-pov --convoy oncoming --traffic-detail mesh --goal-distance 40.0 --mesh-resolution 0.12 --latency-profile-json /home/ksha/Documents/sbel/offroad-control/latency_profiles/5g_nhits_geforce.json --latency-profile-log /home/ksha/Documents/sbel/offroad-control/benchmarking/results/human_delay_compensation_rounds_20260802_224342/raw/0001_mpsf_oncoming_5g_nhits_geforce_clay_straight_v5_b0_r0/latency_profile.csv --manual --rock-zone-x 10.0 98.0 --rock-zone-y -16.0 16.0 --rock-size 0.5 1.4 --rock-min-spacing 6.0 --rock-centerline-clear 3.0 --rock-spawn-clear 8.0 --safety-filter --safety-flavor mpsf --safety-buffer 0.25 --shield-horizon 12 --cbf-alpha 5.0 --cbf-forward-bias 3.0
2,study,acmd_single_operator_hil_demo_v2,op01,G923_Racing_Wheel_for_PlayStation_and_PC,1,0,b01_stalled_5g_nhits_geforce_clay_straight_v5_b0_seed910,none,0.0,stalled,clay,straight,5.0,0,910,/home/ksha/Documents/sbel/offroad-control/benchmarking/results/human_delay_compensation_rounds_20260802_224342/raw/0002_none_stalled_5g_nhits_geforce_clay_straight_v5_b0_r0,/home/ksha/miniconda3/envs/scm-terrain/bin/python -u /home/ksha/Documents/sbel/offroad-control/simulation/runtime/launch_decoupled.py --terrain clay --path straight --speed 5.0 --time 25.0 --lead-in 5.0 --bumpiness 0 --rocks 5 --rock-seed 910 --sim-seed 910 --sim-port 10404 --ctrl-port 10405 --transport ros --vis-mode sensor --manual-honor-time --sim-diag-csv /home/ksha/Documents/sbel/offroad-control/benchmarking/results/human_delay_compensation_rounds_20260802_224342/raw/0002_none_stalled_5g_nhits_geforce_clay_straight_v5_b0_r0/sim_diag.csv --nn-model rig_static_v5_cmd --simple-powertrain --cam-width 1280 --cam-height 800 --cam-fov 1.05 --cam-rate 30.0 --cam-fullscreen --delayed-pov --convoy stalled --traffic-detail mesh --goal-distance 40.0 --mesh-resolution 0.12 --latency-profile-json /home/ksha/Documents/sbel/offroad-control/latency_profiles/5g_nhits_geforce.json --latency-profile-log /home/ksha/Documents/sbel/offroad-control/benchmarking/results/human_delay_compensation_rounds_20260802_224342/raw/0002_none_stalled_5g_nhits_geforce_clay_straight_v5_b0_r0/latency_profile.csv --manual --rock-zone-x 10.0 98.0 --rock-zone-y -16.0 16.0 --rock-size 0.5 1.4 --rock-min-spacing 6.0 --rock-centerline-clear 3.0 --rock-spawn-clear 8.0
3,study,acmd_single_operator_hil_demo_v2,op01,G923_Racing_Wheel_for_PlayStation_and_PC,1,0,b01_lead_brake_5g_nhits_geforce_clay_straight_v5_b0_seed910,dob_cbf,0.0,lead_brake,clay,straight,5.0,0,910,/home/ksha/Documents/sbel/offroad-control/benchmarking/results/human_delay_compensation_rounds_20260802_224342/raw/0003_dob_cbf_lead_brake_5g_nhits_geforce_clay_straight_v5_b0_r0,/home/ksha/miniconda3/envs/scm-terrain/bin/python -u /home/ksha/Documents/sbel/offroad-control/simulation/runtime/launch_decoupled.py --terrain clay --path straight --speed 5.0 --time 25.0 --lead-in 5.0 --bumpiness 0 --rocks 5 --rock-seed 910 --sim-seed 910 --sim-port 10406 --ctrl-port 10407 --transport ros --vis-mode sensor --manual-honor-time --sim-diag-csv /home/ksha/Documents/sbel/offroad-control/benchmarking/results/human_delay_compensation_rounds_20260802_224342/raw/0003_dob_cbf_lead_brake_5g_nhits_geforce_clay_straight_v5_b0_r0/sim_diag.csv --nn-model rig_static_v5_cmd --simple-powertrain --cam-width 1280 --cam-height 800 --cam-fov 1.05 --cam-rate 30.0 --cam-fullscreen --delayed-pov --convoy lead_brake --traffic-detail mesh --goal-distance 40.0 --mesh-resolution 0.12 --latency-profile-json /home/ksha/Documents/sbel/offroad-control/latency_profiles/5g_nhits_geforce.json --latency-profile-log /home/ksha/Documents/sbel/offroad-control/benchmarking/results/human_delay_compensation_rounds_20260802_224342/raw/0003_dob_cbf_lead_brake_5g_nhits_geforce_clay_straight_v5_b0_r0/latency_profile.csv --manual --rock-zone-x 10.0 98.0 --rock-zone-y -16.0 16.0 --rock-size 0.5 1.4 --rock-min-spacing 6.0 --rock-centerline-clear 3.0 --rock-spawn-clear 8.0 --safety-filter --safety-flavor dob_cbf --safety-buffer 0.25 --shield-horizon 12 --cbf-alpha 5.0 --cbf-forward-bias 3.0
4,study,acmd_single_operator_hil_demo_v2,op01,G923_Racing_Wheel_for_PlayStation_and_PC,1,0,b01_stalled_5g_nhits_geforce_clay_straight_v5_b0_seed910,dob_cbf,0.0,stalled,clay,straight,5.0,0,910,/home/ksha/Documents/sbel/offroad-control/benchmarking/results/human_delay_compensation_rounds_20260802_224342/raw/0004_dob_cbf_stalled_5g_nhits_geforce_clay_straight_v5_b0_r0,/home/ksha/miniconda3/envs/scm-terrain/bin/python -u /home/ksha/Documents/sbel/offroad-control/simulation/runtime/launch_decoupled.py --terrain clay --path straight --speed 5.0 --time 25.0 --lead-in 5.0 --bumpiness 0 --rocks 5 --rock-seed 910 --sim-seed 910 --sim-port 10408 --ctrl-port 10409 --transport ros --vis-mode sensor --manual-honor-time --sim-diag-csv /home/ksha/Documents/sbel/offroad-control/benchmarking/results/human_delay_compensation_rounds_20260802_224342/raw/0004_dob_cbf_stalled_5g_nhits_geforce_clay_straight_v5_b0_r0/sim_diag.csv --nn-model rig_static_v5_cmd --simple-powertrain --cam-width 1280 --cam-height 800 --cam-fov 1.05 --cam-rate 30.0 --cam-fullscreen --delayed-pov --convoy stalled --traffic-detail mesh --goal-distance 40.0 --mesh-resolution 0.12 --latency-profile-json /home/ksha/Documents/sbel/offroad-control/latency_profiles/5g_nhits_geforce.json --latency-profile-log /home/ksha/Documents/sbel/offroad-control/benchmarking/results/human_delay_compensation_rounds_20260802_224342/raw/0004_dob_cbf_stalled_5g_nhits_geforce_clay_straight_v5_b0_r0/latency_profile.csv --manual --rock-zone-x 10.0 98.0 --rock-zone-y -16.0 16.0 --rock-size 0.5 1.4 --rock-min-spacing 6.0 --rock-centerline-clear 3.0 --rock-spawn-clear 8.0 --safety-filter --safety-flavor dob_cbf --safety-buffer 0.25 --shield-horizon 12 --cbf-alpha 5.0 --cbf-forward-bias 3.0
5,study,acmd_single_operator_hil_demo_v2,op01,G923_Racing_Wheel_for_PlayStation_and_PC,1,0,b01_cut_in_5g_nhits_geforce_clay_straight_v5_b0_seed910,none,0.0,cut_in,clay,straight,5.0,0,910,/home/ksha/Documents/sbel/offroad-control/benchmarking/results/human_delay_compensation_rounds_20260802_224342/raw/0005_none_cut_in_5g_nhits_geforce_clay_straight_v5_b0_r0,/home/ksha/miniconda3/envs/scm-terrain/bin/python -u /home/ksha/Documents/sbel/offroad-control/simulation/runtime/launch_decoupled.py --terrain clay --path straight --speed 5.0 --time 25.0 --lead-in 5.0 --bumpiness 0 --rocks 5 --rock-seed 910 --sim-seed 910 --sim-port 10410 --ctrl-port 10411 --transport ros --vis-mode sensor --manual-honor-time --sim-diag-csv /home/ksha/Documents/sbel/offroad-control/benchmarking/results/human_delay_compensation_rounds_20260802_224342/raw/0005_none_cut_in_5g_nhits_geforce_clay_straight_v5_b0_r0/sim_diag.csv --nn-model rig_static_v5_cmd --simple-powertrain --cam-width 1280 --cam-height 800 --cam-fov 1.05 --cam-rate 30.0 --cam-fullscreen --delayed-pov --convoy cut_in --traffic-detail mesh --goal-distance 40.0 --mesh-resolution 0.12 --latency-profile-json /home/ksha/Documents/sbel/offroad-control/latency_profiles/5g_nhits_geforce.json --latency-profile-log /home/ksha/Documents/sbel/offroad-control/benchmarking/results/human_delay_compensation_rounds_20260802_224342/raw/0005_none_cut_in_5g_nhits_geforce_clay_straight_v5_b0_r0/latency_profile.csv --manual --rock-zone-x 10.0 98.0 --rock-zone-y -16.0 16.0 --rock-size 0.5 1.4 --rock-min-spacing 6.0 --rock-centerline-clear 3.0 --rock-spawn-clear 8.0
6,study,acmd_single_operator_hil_demo_v2,op01,G923_Racing_Wheel_for_PlayStation_and_PC,1,0,b01_oncoming_5g_nhits_geforce_clay_straight_v5_b0_seed910,dob_cbf,0.0,oncoming,clay,straight,5.0,0,910,/home/ksha/Documents/sbel/offroad-control/benchmarking/results/human_delay_compensation_rounds_20260802_224342/raw/0006_dob_cbf_oncoming_5g_nhits_geforce_clay_straight_v5_b0_r0,/home/ksha/miniconda3/envs/scm-terrain/bin/python -u /home/ksha/Documents/sbel/offroad-control/simulation/runtime/launch_decoupled.py --terrain clay --path straight --speed 5.0 --time 25.0 --lead-in 5.0 --bumpiness 0 --rocks 5 --rock-seed 910 --sim-seed 910 --sim-port 10412 --ctrl-port 10413 --transport ros --vis-mode sensor --manual-honor-time --sim-diag-csv /home/ksha/Documents/sbel/offroad-control/benchmarking/results/human_delay_compensation_rounds_20260802_224342/raw/0006_dob_cbf_oncoming_5g_nhits_geforce_clay_straight_v5_b0_r0/sim_diag.csv --nn-model rig_static_v5_cmd --simple-powertrain --cam-width 1280 --cam-height 800 --cam-fov 1.05 --cam-rate 30.0 --cam-fullscreen --delayed-pov --convoy oncoming --traffic-detail mesh --goal-distance 40.0 --mesh-resolution 0.12 --latency-profile-json /home/ksha/Documents/sbel/offroad-control/latency_profiles/5g_nhits_geforce.json --latency-profile-log /home/ksha/Documents/sbel/offroad-control/benchmarking/results/human_delay_compensation_rounds_20260802_224342/raw/0006_dob_cbf_oncoming_5g_nhits_geforce_clay_straight_v5_b0_r0/latency_profile.csv --manual --rock-zone-x 10.0 98.0 --rock-zone-y -16.0 16.0 --rock-size 0.5 1.4 --rock-min-spacing 6.0 --rock-centerline-clear 3.0 --rock-spawn-clear 8.0 --safety-filter --safety-flavor dob_cbf --safety-buffer 0.25 --shield-horizon 12 --cbf-alpha 5.0 --cbf-forward-bias 3.0
7,study,acmd_single_operator_hil_demo_v2,op01,G923_Racing_Wheel_for_PlayStation_and_PC,1,0,b01_lead_brake_5g_nhits_geforce_clay_straight_v5_b0_seed910,mpsf,0.0,lead_brake,clay,straight,5.0,0,910,/home/ksha/Documents/sbel/offroad-control/benchmarking/results/human_delay_compensation_rounds_20260802_224342/raw/0007_mpsf_lead_brake_5g_nhits_geforce_clay_straight_v5_b0_r0,/home/ksha/miniconda3/envs/scm-terrain/bin/python -u /home/ksha/Documents/sbel/offroad-control/simulation/runtime/launch_decoupled.py --terrain clay --path straight --speed 5.0 --time 25.0 --lead-in 5.0 --bumpiness 0 --rocks 5 --rock-seed 910 --sim-seed 910 --sim-port 10414 --ctrl-port 10415 --transport ros --vis-mode sensor --manual-honor-time --sim-diag-csv /home/ksha/Documents/sbel/offroad-control/benchmarking/results/human_delay_compensation_rounds_20260802_224342/raw/0007_mpsf_lead_brake_5g_nhits_geforce_clay_straight_v5_b0_r0/sim_diag.csv --nn-model rig_static_v5_cmd --simple-powertrain --cam-width 1280 --cam-height 800 --cam-fov 1.05 --cam-rate 30.0 --cam-fullscreen --delayed-pov --convoy lead_brake --traffic-detail mesh --goal-distance 40.0 --mesh-resolution 0.12 --latency-profile-json /home/ksha/Documents/sbel/offroad-control/latency_profiles/5g_nhits_geforce.json --latency-profile-log /home/ksha/Documents/sbel/offroad-control/benchmarking/results/human_delay_compensation_rounds_20260802_224342/raw/0007_mpsf_lead_brake_5g_nhits_geforce_clay_straight_v5_b0_r0/latency_profile.csv --manual --rock-zone-x 10.0 98.0 --rock-zone-y -16.0 16.0 --rock-size 0.5 1.4 --rock-min-spacing 6.0 --rock-centerline-clear 3.0 --rock-spawn-clear 8.0 --safety-filter --safety-flavor mpsf --safety-buffer 0.25 --shield-horizon 12 --cbf-alpha 5.0 --cbf-forward-bias 3.0
8,study,acmd_single_operator_hil_demo_v2,op01,G923_Racing_Wheel_for_PlayStation_and_PC,1,0,b01_cut_in_5g_nhits_geforce_clay_straight_v5_b0_seed910,mpsf,0.0,cut_in,clay,straight,5.0,0,910,/home/ksha/Documents/sbel/offroad-control/benchmarking/results/human_delay_compensation_rounds_20260802_224342/raw/0008_mpsf_cut_in_5g_nhits_geforce_clay_straight_v5_b0_r0,/home/ksha/miniconda3/envs/scm-terrain/bin/python -u /home/ksha/Documents/sbel/offroad-control/simulation/runtime/launch_decoupled.py --terrain clay --path straight --speed 5.0 --time 25.0 --lead-in 5.0 --bumpiness 0 --rocks 5 --rock-seed 910 --sim-seed 910 --sim-port 10416 --ctrl-port 10417 --transport ros --vis-mode sensor --manual-honor-time --sim-diag-csv /home/ksha/Documents/sbel/offroad-control/benchmarking/results/human_delay_compensation_rounds_20260802_224342/raw/0008_mpsf_cut_in_5g_nhits_geforce_clay_straight_v5_b0_r0/sim_diag.csv --nn-model rig_static_v5_cmd --simple-powertrain --cam-width 1280 --cam-height 800 --cam-fov 1.05 --cam-rate 30.0 --cam-fullscreen --delayed-pov --convoy cut_in --traffic-detail mesh --goal-distance 40.0 --mesh-resolution 0.12 --latency-profile-json /home/ksha/Documents/sbel/offroad-control/latency_profiles/5g_nhits_geforce.json --latency-profile-log /home/ksha/Documents/sbel/offroad-control/benchmarking/results/human_delay_compensation_rounds_20260802_224342/raw/0008_mpsf_cut_in_5g_nhits_geforce_clay_straight_v5_b0_r0/latency_profile.csv --manual --rock-zone-x 10.0 98.0 --rock-zone-y -16.0 16.0 --rock-size 0.5 1.4 --rock-min-spacing 6.0 --rock-centerline-clear 3.0 --rock-spawn-clear 8.0 --safety-filter --safety-flavor mpsf --safety-buffer 0.25 --shield-horizon 12 --cbf-alpha 5.0 --cbf-forward-bias 3.0
9,study,acmd_single_operator_hil_demo_v2,op01,G923_Racing_Wheel_for_PlayStation_and_PC,1,0,b01_oncoming_5g_nhits_geforce_clay_straight_v5_b0_seed910,none,0.0,oncoming,clay,straight,5.0,0,910,/home/ksha/Documents/sbel/offroad-control/benchmarking/results/human_delay_compensation_rounds_20260802_224342/raw/0009_none_oncoming_5g_nhits_geforce_clay_straight_v5_b0_r0,/home/ksha/miniconda3/envs/scm-terrain/bin/python -u /home/ksha/Documents/sbel/offroad-control/simulation/runtime/launch_decoupled.py --terrain clay --path straight --speed 5.0 --time 25.0 --lead-in 5.0 --bumpiness 0 --rocks 5 --rock-seed 910 --sim-seed 910 --sim-port 10418 --ctrl-port 10419 --transport ros --vis-mode sensor --manual-honor-time --sim-diag-csv /home/ksha/Documents/sbel/offroad-control/benchmarking/results/human_delay_compensation_rounds_20260802_224342/raw/0009_none_oncoming_5g_nhits_geforce_clay_straight_v5_b0_r0/sim_diag.csv --nn-model rig_static_v5_cmd --simple-powertrain --cam-width 1280 --cam-height 800 --cam-fov 1.05 --cam-rate 30.0 --cam-fullscreen --delayed-pov --convoy oncoming --traffic-detail mesh --goal-distance 40.0 --mesh-resolution 0.12 --latency-profile-json /home/ksha/Documents/sbel/offroad-control/latency_profiles/5g_nhits_geforce.json --latency-profile-log /home/ksha/Documents/sbel/offroad-control/benchmarking/results/human_delay_compensation_rounds_20260802_224342/raw/0009_none_oncoming_5g_nhits_geforce_clay_straight_v5_b0_r0/latency_profile.csv --manual --rock-zone-x 10.0 98.0 --rock-zone-y -16.0 16.0 --rock-size 0.5 1.4 --rock-min-spacing 6.0 --rock-centerline-clear 3.0 --rock-spawn-clear 8.0
10,study,acmd_single_operator_hil_demo_v2,op01,G923_Racing_Wheel_for_PlayStation_and_PC,1,0,b01_stalled_5g_nhits_geforce_clay_straight_v5_b0_seed910,mpsf,0.0,stalled,clay,straight,5.0,0,910,/home/ksha/Documents/sbel/offroad-control/benchmarking/results/human_delay_compensation_rounds_20260802_224342/raw/0010_mpsf_stalled_5g_nhits_geforce_clay_straight_v5_b0_r0,/home/ksha/miniconda3/envs/scm-terrain/bin/python -u /home/ksha/Documents/sbel/offroad-control/simulation/runtime/launch_decoupled.py --terrain clay --path straight --speed 5.0 --time 25.0 --lead-in 5.0 --bumpiness 0 --rocks 5 --rock-seed 910 --sim-seed 910 --sim-port 10420 --ctrl-port 10421 --transport ros --vis-mode sensor --manual-honor-time --sim-diag-csv /home/ksha/Documents/sbel/offroad-control/benchmarking/results/human_delay_compensation_rounds_20260802_224342/raw/0010_mpsf_stalled_5g_nhits_geforce_clay_straight_v5_b0_r0/sim_diag.csv --nn-model rig_static_v5_cmd --simple-powertrain --cam-width 1280 --cam-height 800 --cam-fov 1.05 --cam-rate 30.0 --cam-fullscreen --delayed-pov --convoy stalled --traffic-detail mesh --goal-distance 40.0 --mesh-resolution 0.12 --latency-profile-json /home/ksha/Documents/sbel/offroad-control/latency_profiles/5g_nhits_geforce.json --latency-profile-log /home/ksha/Documents/sbel/offroad-control/benchmarking/results/human_delay_compensation_rounds_20260802_224342/raw/0010_mpsf_stalled_5g_nhits_geforce_clay_straight_v5_b0_r0/latency_profile.csv --manual --rock-zone-x 10.0 98.0 --rock-zone-y -16.0 16.0 --rock-size 0.5 1.4 --rock-min-spacing 6.0 --rock-centerline-clear 3.0 --rock-spawn-clear 8.0 --safety-filter --safety-flavor mpsf --safety-buffer 0.25 --shield-horizon 12 --cbf-alpha 5.0 --cbf-forward-bias 3.0
11,study,acmd_single_operator_hil_demo_v2,op01,G923_Racing_Wheel_for_PlayStation_and_PC,1,0,b01_cut_in_5g_nhits_geforce_clay_straight_v5_b0_seed910,dob_cbf,0.0,cut_in,clay,straight,5.0,0,910,/home/ksha/Documents/sbel/offroad-control/benchmarking/results/human_delay_compensation_rounds_20260802_224342/raw/0011_dob_cbf_cut_in_5g_nhits_geforce_clay_straight_v5_b0_r0,/home/ksha/miniconda3/envs/scm-terrain/bin/python -u /home/ksha/Documents/sbel/offroad-control/simulation/runtime/launch_decoupled.py --terrain clay --path straight --speed 5.0 --time 25.0 --lead-in 5.0 --bumpiness 0 --rocks 5 --rock-seed 910 --sim-seed 910 --sim-port 10422 --ctrl-port 10423 --transport ros --vis-mode sensor --manual-honor-time --sim-diag-csv /home/ksha/Documents/sbel/offroad-control/benchmarking/results/human_delay_compensation_rounds_20260802_224342/raw/0011_dob_cbf_cut_in_5g_nhits_geforce_clay_straight_v5_b0_r0/sim_diag.csv --nn-model rig_static_v5_cmd --simple-powertrain --cam-width 1280 --cam-height 800 --cam-fov 1.05 --cam-rate 30.0 --cam-fullscreen --delayed-pov --convoy cut_in --traffic-detail mesh --goal-distance 40.0 --mesh-resolution 0.12 --latency-profile-json /home/ksha/Documents/sbel/offroad-control/latency_profiles/5g_nhits_geforce.json --latency-profile-log /home/ksha/Documents/sbel/offroad-control/benchmarking/results/human_delay_compensation_rounds_20260802_224342/raw/0011_dob_cbf_cut_in_5g_nhits_geforce_clay_straight_v5_b0_r0/latency_profile.csv --manual --rock-zone-x 10.0 98.0 --rock-zone-y -16.0 16.0 --rock-size 0.5 1.4 --rock-min-spacing 6.0 --rock-centerline-clear 3.0 --rock-spawn-clear 8.0 --safety-filter --safety-flavor dob_cbf --safety-buffer 0.25 --shield-horizon 12 --cbf-alpha 5.0 --cbf-forward-bias 3.0
12,study,acmd_single_operator_hil_demo_v2,op01,G923_Racing_Wheel_for_PlayStation_and_PC,2,1,b02_stalled_5g_nhits_geforce_clay_straight_v5_b0_seed911,mpsf,0.0,stalled,clay,straight,5.0,0,911,/home/ksha/Documents/sbel/offroad-control/benchmarking/results/human_delay_compensation_rounds_20260802_224342/raw/0012_mpsf_stalled_5g_nhits_geforce_clay_straight_v5_b0_r1,/home/ksha/miniconda3/envs/scm-terrain/bin/python -u /home/ksha/Documents/sbel/offroad-control/simulation/runtime/launch_decoupled.py --terrain clay --path straight --speed 5.0 --time 25.0 --lead-in 5.0 --bumpiness 0 --rocks 5 --rock-seed 911 --sim-seed 911 --sim-port 10424 --ctrl-port 10425 --transport ros --vis-mode sensor --manual-honor-time --sim-diag-csv /home/ksha/Documents/sbel/offroad-control/benchmarking/results/human_delay_compensation_rounds_20260802_224342/raw/0012_mpsf_stalled_5g_nhits_geforce_clay_straight_v5_b0_r1/sim_diag.csv --nn-model rig_static_v5_cmd --simple-powertrain --cam-width 1280 --cam-height 800 --cam-fov 1.05 --cam-rate 30.0 --cam-fullscreen --delayed-pov --convoy stalled --traffic-detail mesh --goal-distance 40.0 --mesh-resolution 0.12 --latency-phase-s 60.0 --latency-profile-json /home/ksha/Documents/sbel/offroad-control/latency_profiles/5g_nhits_geforce.json --latency-profile-log /home/ksha/Documents/sbel/offroad-control/benchmarking/results/human_delay_compensation_rounds_20260802_224342/raw/0012_mpsf_stalled_5g_nhits_geforce_clay_straight_v5_b0_r1/latency_profile.csv --manual --rock-zone-x 10.0 98.0 --rock-zone-y -16.0 16.0 --rock-size 0.5 1.4 --rock-min-spacing 6.0 --rock-centerline-clear 3.0 --rock-spawn-clear 8.0 --safety-filter --safety-flavor mpsf --safety-buffer 0.25 --shield-horizon 12 --cbf-alpha 5.0 --cbf-forward-bias 3.0
13,study,acmd_single_operator_hil_demo_v2,op01,G923_Racing_Wheel_for_PlayStation_and_PC,2,1,b02_oncoming_5g_nhits_geforce_clay_straight_v5_b0_seed911,mpsf,0.0,oncoming,clay,straight,5.0,0,911,/home/ksha/Documents/sbel/offroad-control/benchmarking/results/human_delay_compensation_rounds_20260802_224342/raw/0013_mpsf_oncoming_5g_nhits_geforce_clay_straight_v5_b0_r1,/home/ksha/miniconda3/envs/scm-terrain/bin/python -u /home/ksha/Documents/sbel/offroad-control/simulation/runtime/launch_decoupled.py --terrain clay --path straight --speed 5.0 --time 25.0 --lead-in 5.0 --bumpiness 0 --rocks 5 --rock-seed 911 --sim-seed 911 --sim-port 10426 --ctrl-port 10427 --transport ros --vis-mode sensor --manual-honor-time --sim-diag-csv /home/ksha/Documents/sbel/offroad-control/benchmarking/results/human_delay_compensation_rounds_20260802_224342/raw/0013_mpsf_oncoming_5g_nhits_geforce_clay_straight_v5_b0_r1/sim_diag.csv --nn-model rig_static_v5_cmd --simple-powertrain --cam-width 1280 --cam-height 800 --cam-fov 1.05 --cam-rate 30.0 --cam-fullscreen --delayed-pov --convoy oncoming --traffic-detail mesh --goal-distance 40.0 --mesh-resolution 0.12 --latency-phase-s 60.0 --latency-profile-json /home/ksha/Documents/sbel/offroad-control/latency_profiles/5g_nhits_geforce.json --latency-profile-log /home/ksha/Documents/sbel/offroad-control/benchmarking/results/human_delay_compensation_rounds_20260802_224342/raw/0013_mpsf_oncoming_5g_nhits_geforce_clay_straight_v5_b0_r1/latency_profile.csv --manual --rock-zone-x 10.0 98.0 --rock-zone-y -16.0 16.0 --rock-size 0.5 1.4 --rock-min-spacing 6.0 --rock-centerline-clear 3.0 --rock-spawn-clear 8.0 --safety-filter --safety-flavor mpsf --safety-buffer 0.25 --shield-horizon 12 --cbf-alpha 5.0 --cbf-forward-bias 3.0
14,study,acmd_single_operator_hil_demo_v2,op01,G923_Racing_Wheel_for_PlayStation_and_PC,2,1,b02_lead_brake_5g_nhits_geforce_clay_straight_v5_b0_seed911,none,0.0,lead_brake,clay,straight,5.0,0,911,/home/ksha/Documents/sbel/offroad-control/benchmarking/results/human_delay_compensation_rounds_20260802_224342/raw/0014_none_lead_brake_5g_nhits_geforce_clay_straight_v5_b0_r1,/home/ksha/miniconda3/envs/scm-terrain/bin/python -u /home/ksha/Documents/sbel/offroad-control/simulation/runtime/launch_decoupled.py --terrain clay --path straight --speed 5.0 --time 25.0 --lead-in 5.0 --bumpiness 0 --rocks 5 --rock-seed 911 --sim-seed 911 --sim-port 10428 --ctrl-port 10429 --transport ros --vis-mode sensor --manual-honor-time --sim-diag-csv /home/ksha/Documents/sbel/offroad-control/benchmarking/results/human_delay_compensation_rounds_20260802_224342/raw/0014_none_lead_brake_5g_nhits_geforce_clay_straight_v5_b0_r1/sim_diag.csv --nn-model rig_static_v5_cmd --simple-powertrain --cam-width 1280 --cam-height 800 --cam-fov 1.05 --cam-rate 30.0 --cam-fullscreen --delayed-pov --convoy lead_brake --traffic-detail mesh --goal-distance 40.0 --mesh-resolution 0.12 --latency-phase-s 60.0 --latency-profile-json /home/ksha/Documents/sbel/offroad-control/latency_profiles/5g_nhits_geforce.json --latency-profile-log /home/ksha/Documents/sbel/offroad-control/benchmarking/results/human_delay_compensation_rounds_20260802_224342/raw/0014_none_lead_brake_5g_nhits_geforce_clay_straight_v5_b0_r1/latency_profile.csv --manual --rock-zone-x 10.0 98.0 --rock-zone-y -16.0 16.0 --rock-size 0.5 1.4 --rock-min-spacing 6.0 --rock-centerline-clear 3.0 --rock-spawn-clear 8.0
15,study,acmd_single_operator_hil_demo_v2,op01,G923_Racing_Wheel_for_PlayStation_and_PC,2,1,b02_cut_in_5g_nhits_geforce_clay_straight_v5_b0_seed911,none,0.0,cut_in,clay,straight,5.0,0,911,/home/ksha/Documents/sbel/offroad-control/benchmarking/results/human_delay_compensation_rounds_20260802_224342/raw/0015_none_cut_in_5g_nhits_geforce_clay_straight_v5_b0_r1,/home/ksha/miniconda3/envs/scm-terrain/bin/python -u /home/ksha/Documents/sbel/offroad-control/simulation/runtime/launch_decoupled.py --terrain clay --path straight --speed 5.0 --time 25.0 --lead-in 5.0 --bumpiness 0 --rocks 5 --rock-seed 911 --sim-seed 911 --sim-port 10430 --ctrl-port 10431 --transport ros --vis-mode sensor --manual-honor-time --sim-diag-csv /home/ksha/Documents/sbel/offroad-control/benchmarking/results/human_delay_compensation_rounds_20260802_224342/raw/0015_none_cut_in_5g_nhits_geforce_clay_straight_v5_b0_r1/sim_diag.csv --nn-model rig_static_v5_cmd --simple-powertrain --cam-width 1280 --cam-height 800 --cam-fov 1.05 --cam-rate 30.0 --cam-fullscreen --delayed-pov --convoy cut_in --traffic-detail mesh --goal-distance 40.0 --mesh-resolution 0.12 --latency-phase-s 60.0 --latency-profile-json /home/ksha/Documents/sbel/offroad-control/latency_profiles/5g_nhits_geforce.json --latency-profile-log /home/ksha/Documents/sbel/offroad-control/benchmarking/results/human_delay_compensation_rounds_20260802_224342/raw/0015_none_cut_in_5g_nhits_geforce_clay_straight_v5_b0_r1/latency_profile.csv --manual --rock-zone-x 10.0 98.0 --rock-zone-y -16.0 16.0 --rock-size 0.5 1.4 --rock-min-spacing 6.0 --rock-centerline-clear 3.0 --rock-spawn-clear 8.0
16,study,acmd_single_operator_hil_demo_v2,op01,G923_Racing_Wheel_for_PlayStation_and_PC,2,1,b02_stalled_5g_nhits_geforce_clay_straight_v5_b0_seed911,none,0.0,stalled,clay,straight,5.0,0,911,/home/ksha/Documents/sbel/offroad-control/benchmarking/results/human_delay_compensation_rounds_20260802_224342/raw/0016_none_stalled_5g_nhits_geforce_clay_straight_v5_b0_r1,/home/ksha/miniconda3/envs/scm-terrain/bin/python -u /home/ksha/Documents/sbel/offroad-control/simulation/runtime/launch_decoupled.py --terrain clay --path straight --speed 5.0 --time 25.0 --lead-in 5.0 --bumpiness 0 --rocks 5 --rock-seed 911 --sim-seed 911 --sim-port 10432 --ctrl-port 10433 --transport ros --vis-mode sensor --manual-honor-time --sim-diag-csv /home/ksha/Documents/sbel/offroad-control/benchmarking/results/human_delay_compensation_rounds_20260802_224342/raw/0016_none_stalled_5g_nhits_geforce_clay_straight_v5_b0_r1/sim_diag.csv --nn-model rig_static_v5_cmd --simple-powertrain --cam-width 1280 --cam-height 800 --cam-fov 1.05 --cam-rate 30.0 --cam-fullscreen --delayed-pov --convoy stalled --traffic-detail mesh --goal-distance 40.0 --mesh-resolution 0.12 --latency-phase-s 60.0 --latency-profile-json /home/ksha/Documents/sbel/offroad-control/latency_profiles/5g_nhits_geforce.json --latency-profile-log /home/ksha/Documents/sbel/offroad-control/benchmarking/results/human_delay_compensation_rounds_20260802_224342/raw/0016_none_stalled_5g_nhits_geforce_clay_straight_v5_b0_r1/latency_profile.csv --manual --rock-zone-x 10.0 98.0 --rock-zone-y -16.0 16.0 --rock-size 0.5 1.4 --rock-min-spacing 6.0 --rock-centerline-clear 3.0 --rock-spawn-clear 8.0
17,study,acmd_single_operator_hil_demo_v2,op01,G923_Racing_Wheel_for_PlayStation_and_PC,2,1,b02_oncoming_5g_nhits_geforce_clay_straight_v5_b0_seed911,dob_cbf,0.0,oncoming,clay,straight,5.0,0,911,/home/ksha/Documents/sbel/offroad-control/benchmarking/results/human_delay_compensation_rounds_20260802_224342/raw/0017_dob_cbf_oncoming_5g_nhits_geforce_clay_straight_v5_b0_r1,/home/ksha/miniconda3/envs/scm-terrain/bin/python -u /home/ksha/Documents/sbel/offroad-control/simulation/runtime/launch_decoupled.py --terrain clay --path straight --speed 5.0 --time 25.0 --lead-in 5.0 --bumpiness 0 --rocks 5 --rock-seed 911 --sim-seed 911 --sim-port 10434 --ctrl-port 10435 --transport ros --vis-mode sensor --manual-honor-time --sim-diag-csv /home/ksha/Documents/sbel/offroad-control/benchmarking/results/human_delay_compensation_rounds_20260802_224342/raw/0017_dob_cbf_oncoming_5g_nhits_geforce_clay_straight_v5_b0_r1/sim_diag.csv --nn-model rig_static_v5_cmd --simple-powertrain --cam-width 1280 --cam-height 800 --cam-fov 1.05 --cam-rate 30.0 --cam-fullscreen --delayed-pov --convoy oncoming --traffic-detail mesh --goal-distance 40.0 --mesh-resolution 0.12 --latency-phase-s 60.0 --latency-profile-json /home/ksha/Documents/sbel/offroad-control/latency_profiles/5g_nhits_geforce.json --latency-profile-log /home/ksha/Documents/sbel/offroad-control/benchmarking/results/human_delay_compensation_rounds_20260802_224342/raw/0017_dob_cbf_oncoming_5g_nhits_geforce_clay_straight_v5_b0_r1/latency_profile.csv --manual --rock-zone-x 10.0 98.0 --rock-zone-y -16.0 16.0 --rock-size 0.5 1.4 --rock-min-spacing 6.0 --rock-centerline-clear 3.0 --rock-spawn-clear 8.0 --safety-filter --safety-flavor dob_cbf --safety-buffer 0.25 --shield-horizon 12 --cbf-alpha 5.0 --cbf-forward-bias 3.0
18,study,acmd_single_operator_hil_demo_v2,op01,G923_Racing_Wheel_for_PlayStation_and_PC,2,1,b02_lead_brake_5g_nhits_geforce_clay_straight_v5_b0_seed911,dob_cbf,0.0,lead_brake,clay,straight,5.0,0,911,/home/ksha/Documents/sbel/offroad-control/benchmarking/results/human_delay_compensation_rounds_20260802_224342/raw/0018_dob_cbf_lead_brake_5g_nhits_geforce_clay_straight_v5_b0_r1,/home/ksha/miniconda3/envs/scm-terrain/bin/python -u /home/ksha/Documents/sbel/offroad-control/simulation/runtime/launch_decoupled.py --terrain clay --path straight --speed 5.0 --time 25.0 --lead-in 5.0 --bumpiness 0 --rocks 5 --rock-seed 911 --sim-seed 911 --sim-port 10436 --ctrl-port 10437 --transport ros --vis-mode sensor --manual-honor-time --sim-diag-csv /home/ksha/Documents/sbel/offroad-control/benchmarking/results/human_delay_compensation_rounds_20260802_224342/raw/0018_dob_cbf_lead_brake_5g_nhits_geforce_clay_straight_v5_b0_r1/sim_diag.csv --nn-model rig_static_v5_cmd --simple-powertrain --cam-width 1280 --cam-height 800 --cam-fov 1.05 --cam-rate 30.0 --cam-fullscreen --delayed-pov --convoy lead_brake --traffic-detail mesh --goal-distance 40.0 --mesh-resolution 0.12 --latency-phase-s 60.0 --latency-profile-json /home/ksha/Documents/sbel/offroad-control/latency_profiles/5g_nhits_geforce.json --latency-profile-log /home/ksha/Documents/sbel/offroad-control/benchmarking/results/human_delay_compensation_rounds_20260802_224342/raw/0018_dob_cbf_lead_brake_5g_nhits_geforce_clay_straight_v5_b0_r1/latency_profile.csv --manual --rock-zone-x 10.0 98.0 --rock-zone-y -16.0 16.0 --rock-size 0.5 1.4 --rock-min-spacing 6.0 --rock-centerline-clear 3.0 --rock-spawn-clear 8.0 --safety-filter --safety-flavor dob_cbf --safety-buffer 0.25 --shield-horizon 12 --cbf-alpha 5.0 --cbf-forward-bias 3.0
19,study,acmd_single_operator_hil_demo_v2,op01,G923_Racing_Wheel_for_PlayStation_and_PC,2,1,b02_stalled_5g_nhits_geforce_clay_straight_v5_b0_seed911,dob_cbf,0.0,stalled,clay,straight,5.0,0,911,/home/ksha/Documents/sbel/offroad-control/benchmarking/results/human_delay_compensation_rounds_20260802_224342/raw/0019_dob_cbf_stalled_5g_nhits_geforce_clay_straight_v5_b0_r1,/home/ksha/miniconda3/envs/scm-terrain/bin/python -u /home/ksha/Documents/sbel/offroad-control/simulation/runtime/launch_decoupled.py --terrain clay --path straight --speed 5.0 --time 25.0 --lead-in 5.0 --bumpiness 0 --rocks 5 --rock-seed 911 --sim-seed 911 --sim-port 10438 --ctrl-port 10439 --transport ros --vis-mode sensor --manual-honor-time --sim-diag-csv /home/ksha/Documents/sbel/offroad-control/benchmarking/results/human_delay_compensation_rounds_20260802_224342/raw/0019_dob_cbf_stalled_5g_nhits_geforce_clay_straight_v5_b0_r1/sim_diag.csv --nn-model rig_static_v5_cmd --simple-powertrain --cam-width 1280 --cam-height 800 --cam-fov 1.05 --cam-rate 30.0 --cam-fullscreen --delayed-pov --convoy stalled --traffic-detail mesh --goal-distance 40.0 --mesh-resolution 0.12 --latency-phase-s 60.0 --latency-profile-json /home/ksha/Documents/sbel/offroad-control/latency_profiles/5g_nhits_geforce.json --latency-profile-log /home/ksha/Documents/sbel/offroad-control/benchmarking/results/human_delay_compensation_rounds_20260802_224342/raw/0019_dob_cbf_stalled_5g_nhits_geforce_clay_straight_v5_b0_r1/latency_profile.csv --manual --rock-zone-x 10.0 98.0 --rock-zone-y -16.0 16.0 --rock-size 0.5 1.4 --rock-min-spacing 6.0 --rock-centerline-clear 3.0 --rock-spawn-clear 8.0 --safety-filter --safety-flavor dob_cbf --safety-buffer 0.25 --shield-horizon 12 --cbf-alpha 5.0 --cbf-forward-bias 3.0
20,study,acmd_single_operator_hil_demo_v2,op01,G923_Racing_Wheel_for_PlayStation_and_PC,2,1,b02_cut_in_5g_nhits_geforce_clay_straight_v5_b0_seed911,dob_cbf,0.0,cut_in,clay,straight,5.0,0,911,/home/ksha/Documents/sbel/offroad-control/benchmarking/results/human_delay_compensation_rounds_20260802_224342/raw/0020_dob_cbf_cut_in_5g_nhits_geforce_clay_straight_v5_b0_r1,/home/ksha/miniconda3/envs/scm-terrain/bin/python -u /home/ksha/Documents/sbel/offroad-control/simulation/runtime/launch_decoupled.py --terrain clay --path straight --speed 5.0 --time 25.0 --lead-in 5.0 --bumpiness 0 --rocks 5 --rock-seed 911 --sim-seed 911 --sim-port 10440 --ctrl-port 10441 --transport ros --vis-mode sensor --manual-honor-time --sim-diag-csv /home/ksha/Documents/sbel/offroad-control/benchmarking/results/human_delay_compensation_rounds_20260802_224342/raw/0020_dob_cbf_cut_in_5g_nhits_geforce_clay_straight_v5_b0_r1/sim_diag.csv --nn-model rig_static_v5_cmd --simple-powertrain --cam-width 1280 --cam-height 800 --cam-fov 1.05 --cam-rate 30.0 --cam-fullscreen --delayed-pov --convoy cut_in --traffic-detail mesh --goal-distance 40.0 --mesh-resolution 0.12 --latency-phase-s 60.0 --latency-profile-json /home/ksha/Documents/sbel/offroad-control/latency_profiles/5g_nhits_geforce.json --latency-profile-log /home/ksha/Documents/sbel/offroad-control/benchmarking/results/human_delay_compensation_rounds_20260802_224342/raw/0020_dob_cbf_cut_in_5g_nhits_geforce_clay_straight_v5_b0_r1/latency_profile.csv --manual --rock-zone-x 10.0 98.0 --rock-zone-y -16.0 16.0 --rock-size 0.5 1.4 --rock-min-spacing 6.0 --rock-centerline-clear 3.0 --rock-spawn-clear 8.0 --safety-filter --safety-flavor dob_cbf --safety-buffer 0.25 --shield-horizon 12 --cbf-alpha 5.0 --cbf-forward-bias 3.0
21,study,acmd_single_operator_hil_demo_v2,op01,G923_Racing_Wheel_for_PlayStation_and_PC,2,1,b02_oncoming_5g_nhits_geforce_clay_straight_v5_b0_seed911,none,0.0,oncoming,clay,straight,5.0,0,911,/home/ksha/Documents/sbel/offroad-control/benchmarking/results/human_delay_compensation_rounds_20260802_224342/raw/0021_none_oncoming_5g_nhits_geforce_clay_straight_v5_b0_r1,/home/ksha/miniconda3/envs/scm-terrain/bin/python -u /home/ksha/Documents/sbel/offroad-control/simulation/runtime/launch_decoupled.py --terrain clay --path straight --speed 5.0 --time 25.0 --lead-in 5.0 --bumpiness 0 --rocks 5 --rock-seed 911 --sim-seed 911 --sim-port 10442 --ctrl-port 10443 --transport ros --vis-mode sensor --manual-honor-time --sim-diag-csv /home/ksha/Documents/sbel/offroad-control/benchmarking/results/human_delay_compensation_rounds_20260802_224342/raw/0021_none_oncoming_5g_nhits_geforce_clay_straight_v5_b0_r1/sim_diag.csv --nn-model rig_static_v5_cmd --simple-powertrain --cam-width 1280 --cam-height 800 --cam-fov 1.05 --cam-rate 30.0 --cam-fullscreen --delayed-pov --convoy oncoming --traffic-detail mesh --goal-distance 40.0 --mesh-resolution 0.12 --latency-phase-s 60.0 --latency-profile-json /home/ksha/Documents/sbel/offroad-control/latency_profiles/5g_nhits_geforce.json --latency-profile-log /home/ksha/Documents/sbel/offroad-control/benchmarking/results/human_delay_compensation_rounds_20260802_224342/raw/0021_none_oncoming_5g_nhits_geforce_clay_straight_v5_b0_r1/latency_profile.csv --manual --rock-zone-x 10.0 98.0 --rock-zone-y -16.0 16.0 --rock-size 0.5 1.4 --rock-min-spacing 6.0 --rock-centerline-clear 3.0 --rock-spawn-clear 8.0
22,study,acmd_single_operator_hil_demo_v2,op01,G923_Racing_Wheel_for_PlayStation_and_PC,2,1,b02_lead_brake_5g_nhits_geforce_clay_straight_v5_b0_seed911,mpsf,0.0,lead_brake,clay,straight,5.0,0,911,/home/ksha/Documents/sbel/offroad-control/benchmarking/results/human_delay_compensation_rounds_20260802_224342/raw/0022_mpsf_lead_brake_5g_nhits_geforce_clay_straight_v5_b0_r1,/home/ksha/miniconda3/envs/scm-terrain/bin/python -u /home/ksha/Documents/sbel/offroad-control/simulation/runtime/launch_decoupled.py --terrain clay --path straight --speed 5.0 --time 25.0 --lead-in 5.0 --bumpiness 0 --rocks 5 --rock-seed 911 --sim-seed 911 --sim-port 10444 --ctrl-port 10445 --transport ros --vis-mode sensor --manual-honor-time --sim-diag-csv /home/ksha/Documents/sbel/offroad-control/benchmarking/results/human_delay_compensation_rounds_20260802_224342/raw/0022_mpsf_lead_brake_5g_nhits_geforce_clay_straight_v5_b0_r1/sim_diag.csv --nn-model rig_static_v5_cmd --simple-powertrain --cam-width 1280 --cam-height 800 --cam-fov 1.05 --cam-rate 30.0 --cam-fullscreen --delayed-pov --convoy lead_brake --traffic-detail mesh --goal-distance 40.0 --mesh-resolution 0.12 --latency-phase-s 60.0 --latency-profile-json /home/ksha/Documents/sbel/offroad-control/latency_profiles/5g_nhits_geforce.json --latency-profile-log /home/ksha/Documents/sbel/offroad-control/benchmarking/results/human_delay_compensation_rounds_20260802_224342/raw/0022_mpsf_lead_brake_5g_nhits_geforce_clay_straight_v5_b0_r1/latency_profile.csv --manual --rock-zone-x 10.0 98.0 --rock-zone-y -16.0 16.0 --rock-size 0.5 1.4 --rock-min-spacing 6.0 --rock-centerline-clear 3.0 --rock-spawn-clear 8.0 --safety-filter --safety-flavor mpsf --safety-buffer 0.25 --shield-horizon 12 --cbf-alpha 5.0 --cbf-forward-bias 3.0
23,study,acmd_single_operator_hil_demo_v2,op01,G923_Racing_Wheel_for_PlayStation_and_PC,2,1,b02_cut_in_5g_nhits_geforce_clay_straight_v5_b0_seed911,mpsf,0.0,cut_in,clay,straight,5.0,0,911,/home/ksha/Documents/sbel/offroad-control/benchmarking/results/human_delay_compensation_rounds_20260802_224342/raw/0023_mpsf_cut_in_5g_nhits_geforce_clay_straight_v5_b0_r1,/home/ksha/miniconda3/envs/scm-terrain/bin/python -u /home/ksha/Documents/sbel/offroad-control/simulation/runtime/launch_decoupled.py --terrain clay --path straight --speed 5.0 --time 25.0 --lead-in 5.0 --bumpiness 0 --rocks 5 --rock-seed 911 --sim-seed 911 --sim-port 10446 --ctrl-port 10447 --transport ros --vis-mode sensor --manual-honor-time --sim-diag-csv /home/ksha/Documents/sbel/offroad-control/benchmarking/results/human_delay_compensation_rounds_20260802_224342/raw/0023_mpsf_cut_in_5g_nhits_geforce_clay_straight_v5_b0_r1/sim_diag.csv --nn-model rig_static_v5_cmd --simple-powertrain --cam-width 1280 --cam-height 800 --cam-fov 1.05 --cam-rate 30.0 --cam-fullscreen --delayed-pov --convoy cut_in --traffic-detail mesh --goal-distance 40.0 --mesh-resolution 0.12 --latency-phase-s 60.0 --latency-profile-json /home/ksha/Documents/sbel/offroad-control/latency_profiles/5g_nhits_geforce.json --latency-profile-log /home/ksha/Documents/sbel/offroad-control/benchmarking/results/human_delay_compensation_rounds_20260802_224342/raw/0023_mpsf_cut_in_5g_nhits_geforce_clay_straight_v5_b0_r1/latency_profile.csv --manual --rock-zone-x 10.0 98.0 --rock-zone-y -16.0 16.0 --rock-size 0.5 1.4 --rock-min-spacing 6.0 --rock-centerline-clear 3.0 --rock-spawn-clear 8.0 --safety-filter --safety-flavor mpsf --safety-buffer 0.25 --shield-horizon 12 --cbf-alpha 5.0 --cbf-forward-bias 3.0
24,study,acmd_single_operator_hil_demo_v2,op01,G923_Racing_Wheel_for_PlayStation_and_PC,3,2,b03_stalled_5g_nhits_geforce_clay_straight_v5_b0_seed912,none,0.0,stalled,clay,straight,5.0,0,912,/home/ksha/Documents/sbel/offroad-control/benchmarking/results/human_delay_compensation_rounds_20260802_224342/raw/0024_none_stalled_5g_nhits_geforce_clay_straight_v5_b0_r2,/home/ksha/miniconda3/envs/scm-terrain/bin/python -u /home/ksha/Documents/sbel/offroad-control/simulation/runtime/launch_decoupled.py --terrain clay --path straight --speed 5.0 --time 25.0 --lead-in 5.0 --bumpiness 0 --rocks 5 --rock-seed 912 --sim-seed 912 --sim-port 10448 --ctrl-port 10449 --transport ros --vis-mode sensor --manual-honor-time --sim-diag-csv /home/ksha/Documents/sbel/offroad-control/benchmarking/results/human_delay_compensation_rounds_20260802_224342/raw/0024_none_stalled_5g_nhits_geforce_clay_straight_v5_b0_r2/sim_diag.csv --nn-model rig_static_v5_cmd --simple-powertrain --cam-width 1280 --cam-height 800 --cam-fov 1.05 --cam-rate 30.0 --cam-fullscreen --delayed-pov --convoy stalled --traffic-detail mesh --goal-distance 40.0 --mesh-resolution 0.12 --latency-phase-s 120.0 --latency-profile-json /home/ksha/Documents/sbel/offroad-control/latency_profiles/5g_nhits_geforce.json --latency-profile-log /home/ksha/Documents/sbel/offroad-control/benchmarking/results/human_delay_compensation_rounds_20260802_224342/raw/0024_none_stalled_5g_nhits_geforce_clay_straight_v5_b0_r2/latency_profile.csv --manual --rock-zone-x 10.0 98.0 --rock-zone-y -16.0 16.0 --rock-size 0.5 1.4 --rock-min-spacing 6.0 --rock-centerline-clear 3.0 --rock-spawn-clear 8.0
25,study,acmd_single_operator_hil_demo_v2,op01,G923_Racing_Wheel_for_PlayStation_and_PC,3,2,b03_oncoming_5g_nhits_geforce_clay_straight_v5_b0_seed912,mpsf,0.0,oncoming,clay,straight,5.0,0,912,/home/ksha/Documents/sbel/offroad-control/benchmarking/results/human_delay_compensation_rounds_20260802_224342/raw/0025_mpsf_oncoming_5g_nhits_geforce_clay_straight_v5_b0_r2,/home/ksha/miniconda3/envs/scm-terrain/bin/python -u /home/ksha/Documents/sbel/offroad-control/simulation/runtime/launch_decoupled.py --terrain clay --path straight --speed 5.0 --time 25.0 --lead-in 5.0 --bumpiness 0 --rocks 5 --rock-seed 912 --sim-seed 912 --sim-port 10450 --ctrl-port 10451 --transport ros --vis-mode sensor --manual-honor-time --sim-diag-csv /home/ksha/Documents/sbel/offroad-control/benchmarking/results/human_delay_compensation_rounds_20260802_224342/raw/0025_mpsf_oncoming_5g_nhits_geforce_clay_straight_v5_b0_r2/sim_diag.csv --nn-model rig_static_v5_cmd --simple-powertrain --cam-width 1280 --cam-height 800 --cam-fov 1.05 --cam-rate 30.0 --cam-fullscreen --delayed-pov --convoy oncoming --traffic-detail mesh --goal-distance 40.0 --mesh-resolution 0.12 --latency-phase-s 120.0 --latency-profile-json /home/ksha/Documents/sbel/offroad-control/latency_profiles/5g_nhits_geforce.json --latency-profile-log /home/ksha/Documents/sbel/offroad-control/benchmarking/results/human_delay_compensation_rounds_20260802_224342/raw/0025_mpsf_oncoming_5g_nhits_geforce_clay_straight_v5_b0_r2/latency_profile.csv --manual --rock-zone-x 10.0 98.0 --rock-zone-y -16.0 16.0 --rock-size 0.5 1.4 --rock-min-spacing 6.0 --rock-centerline-clear 3.0 --rock-spawn-clear 8.0 --safety-filter --safety-flavor mpsf --safety-buffer 0.25 --shield-horizon 12 --cbf-alpha 5.0 --cbf-forward-bias 3.0
26,study,acmd_single_operator_hil_demo_v2,op01,G923_Racing_Wheel_for_PlayStation_and_PC,3,2,b03_stalled_5g_nhits_geforce_clay_straight_v5_b0_seed912,mpsf,0.0,stalled,clay,straight,5.0,0,912,/home/ksha/Documents/sbel/offroad-control/benchmarking/results/human_delay_compensation_rounds_20260802_224342/raw/0026_mpsf_stalled_5g_nhits_geforce_clay_straight_v5_b0_r2,/home/ksha/miniconda3/envs/scm-terrain/bin/python -u /home/ksha/Documents/sbel/offroad-control/simulation/runtime/launch_decoupled.py --terrain clay --path straight --speed 5.0 --time 25.0 --lead-in 5.0 --bumpiness 0 --rocks 5 --rock-seed 912 --sim-seed 912 --sim-port 10452 --ctrl-port 10453 --transport ros --vis-mode sensor --manual-honor-time --sim-diag-csv /home/ksha/Documents/sbel/offroad-control/benchmarking/results/human_delay_compensation_rounds_20260802_224342/raw/0026_mpsf_stalled_5g_nhits_geforce_clay_straight_v5_b0_r2/sim_diag.csv --nn-model rig_static_v5_cmd --simple-powertrain --cam-width 1280 --cam-height 800 --cam-fov 1.05 --cam-rate 30.0 --cam-fullscreen --delayed-pov --convoy stalled --traffic-detail mesh --goal-distance 40.0 --mesh-resolution 0.12 --latency-phase-s 120.0 --latency-profile-json /home/ksha/Documents/sbel/offroad-control/latency_profiles/5g_nhits_geforce.json --latency-profile-log /home/ksha/Documents/sbel/offroad-control/benchmarking/results/human_delay_compensation_rounds_20260802_224342/raw/0026_mpsf_stalled_5g_nhits_geforce_clay_straight_v5_b0_r2/latency_profile.csv --manual --rock-zone-x 10.0 98.0 --rock-zone-y -16.0 16.0 --rock-size 0.5 1.4 --rock-min-spacing 6.0 --rock-centerline-clear 3.0 --rock-spawn-clear 8.0 --safety-filter --safety-flavor mpsf --safety-buffer 0.25 --shield-horizon 12 --cbf-alpha 5.0 --cbf-forward-bias 3.0
27,study,acmd_single_operator_hil_demo_v2,op01,G923_Racing_Wheel_for_PlayStation_and_PC,3,2,b03_stalled_5g_nhits_geforce_clay_straight_v5_b0_seed912,dob_cbf,0.0,stalled,clay,straight,5.0,0,912,/home/ksha/Documents/sbel/offroad-control/benchmarking/results/human_delay_compensation_rounds_20260802_224342/raw/0027_dob_cbf_stalled_5g_nhits_geforce_clay_straight_v5_b0_r2,/home/ksha/miniconda3/envs/scm-terrain/bin/python -u /home/ksha/Documents/sbel/offroad-control/simulation/runtime/launch_decoupled.py --terrain clay --path straight --speed 5.0 --time 25.0 --lead-in 5.0 --bumpiness 0 --rocks 5 --rock-seed 912 --sim-seed 912 --sim-port 10454 --ctrl-port 10455 --transport ros --vis-mode sensor --manual-honor-time --sim-diag-csv /home/ksha/Documents/sbel/offroad-control/benchmarking/results/human_delay_compensation_rounds_20260802_224342/raw/0027_dob_cbf_stalled_5g_nhits_geforce_clay_straight_v5_b0_r2/sim_diag.csv --nn-model rig_static_v5_cmd --simple-powertrain --cam-width 1280 --cam-height 800 --cam-fov 1.05 --cam-rate 30.0 --cam-fullscreen --delayed-pov --convoy stalled --traffic-detail mesh --goal-distance 40.0 --mesh-resolution 0.12 --latency-phase-s 120.0 --latency-profile-json /home/ksha/Documents/sbel/offroad-control/latency_profiles/5g_nhits_geforce.json --latency-profile-log /home/ksha/Documents/sbel/offroad-control/benchmarking/results/human_delay_compensation_rounds_20260802_224342/raw/0027_dob_cbf_stalled_5g_nhits_geforce_clay_straight_v5_b0_r2/latency_profile.csv --manual --rock-zone-x 10.0 98.0 --rock-zone-y -16.0 16.0 --rock-size 0.5 1.4 --rock-min-spacing 6.0 --rock-centerline-clear 3.0 --rock-spawn-clear 8.0 --safety-filter --safety-flavor dob_cbf --safety-buffer 0.25 --shield-horizon 12 --cbf-alpha 5.0 --cbf-forward-bias 3.0
28,study,acmd_single_operator_hil_demo_v2,op01,G923_Racing_Wheel_for_PlayStation_and_PC,3,2,b03_cut_in_5g_nhits_geforce_clay_straight_v5_b0_seed912,none,0.0,cut_in,clay,straight,5.0,0,912,/home/ksha/Documents/sbel/offroad-control/benchmarking/results/human_delay_compensation_rounds_20260802_224342/raw/0028_none_cut_in_5g_nhits_geforce_clay_straight_v5_b0_r2,/home/ksha/miniconda3/envs/scm-terrain/bin/python -u /home/ksha/Documents/sbel/offroad-control/simulation/runtime/launch_decoupled.py --terrain clay --path straight --speed 5.0 --time 25.0 --lead-in 5.0 --bumpiness 0 --rocks 5 --rock-seed 912 --sim-seed 912 --sim-port 10456 --ctrl-port 10457 --transport ros --vis-mode sensor --manual-honor-time --sim-diag-csv /home/ksha/Documents/sbel/offroad-control/benchmarking/results/human_delay_compensation_rounds_20260802_224342/raw/0028_none_cut_in_5g_nhits_geforce_clay_straight_v5_b0_r2/sim_diag.csv --nn-model rig_static_v5_cmd --simple-powertrain --cam-width 1280 --cam-height 800 --cam-fov 1.05 --cam-rate 30.0 --cam-fullscreen --delayed-pov --convoy cut_in --traffic-detail mesh --goal-distance 40.0 --mesh-resolution 0.12 --latency-phase-s 120.0 --latency-profile-json /home/ksha/Documents/sbel/offroad-control/latency_profiles/5g_nhits_geforce.json --latency-profile-log /home/ksha/Documents/sbel/offroad-control/benchmarking/results/human_delay_compensation_rounds_20260802_224342/raw/0028_none_cut_in_5g_nhits_geforce_clay_straight_v5_b0_r2/latency_profile.csv --manual --rock-zone-x 10.0 98.0 --rock-zone-y -16.0 16.0 --rock-size 0.5 1.4 --rock-min-spacing 6.0 --rock-centerline-clear 3.0 --rock-spawn-clear 8.0
29,study,acmd_single_operator_hil_demo_v2,op01,G923_Racing_Wheel_for_PlayStation_and_PC,3,2,b03_oncoming_5g_nhits_geforce_clay_straight_v5_b0_seed912,none,0.0,oncoming,clay,straight,5.0,0,912,/home/ksha/Documents/sbel/offroad-control/benchmarking/results/human_delay_compensation_rounds_20260802_224342/raw/0029_none_oncoming_5g_nhits_geforce_clay_straight_v5_b0_r2,/home/ksha/miniconda3/envs/scm-terrain/bin/python -u /home/ksha/Documents/sbel/offroad-control/simulation/runtime/launch_decoupled.py --terrain clay --path straight --speed 5.0 --time 25.0 --lead-in 5.0 --bumpiness 0 --rocks 5 --rock-seed 912 --sim-seed 912 --sim-port 10458 --ctrl-port 10459 --transport ros --vis-mode sensor --manual-honor-time --sim-diag-csv /home/ksha/Documents/sbel/offroad-control/benchmarking/results/human_delay_compensation_rounds_20260802_224342/raw/0029_none_oncoming_5g_nhits_geforce_clay_straight_v5_b0_r2/sim_diag.csv --nn-model rig_static_v5_cmd --simple-powertrain --cam-width 1280 --cam-height 800 --cam-fov 1.05 --cam-rate 30.0 --cam-fullscreen --delayed-pov --convoy oncoming --traffic-detail mesh --goal-distance 40.0 --mesh-resolution 0.12 --latency-phase-s 120.0 --latency-profile-json /home/ksha/Documents/sbel/offroad-control/latency_profiles/5g_nhits_geforce.json --latency-profile-log /home/ksha/Documents/sbel/offroad-control/benchmarking/results/human_delay_compensation_rounds_20260802_224342/raw/0029_none_oncoming_5g_nhits_geforce_clay_straight_v5_b0_r2/latency_profile.csv --manual --rock-zone-x 10.0 98.0 --rock-zone-y -16.0 16.0 --rock-size 0.5 1.4 --rock-min-spacing 6.0 --rock-centerline-clear 3.0 --rock-spawn-clear 8.0
30,study,acmd_single_operator_hil_demo_v2,op01,G923_Racing_Wheel_for_PlayStation_and_PC,3,2,b03_lead_brake_5g_nhits_geforce_clay_straight_v5_b0_seed912,mpsf,0.0,lead_brake,clay,straight,5.0,0,912,/home/ksha/Documents/sbel/offroad-control/benchmarking/results/human_delay_compensation_rounds_20260802_224342/raw/0030_mpsf_lead_brake_5g_nhits_geforce_clay_straight_v5_b0_r2,/home/ksha/miniconda3/envs/scm-terrain/bin/python -u /home/ksha/Documents/sbel/offroad-control/simulation/runtime/launch_decoupled.py --terrain clay --path straight --speed 5.0 --time 25.0 --lead-in 5.0 --bumpiness 0 --rocks 5 --rock-seed 912 --sim-seed 912 --sim-port 10460 --ctrl-port 10461 --transport ros --vis-mode sensor --manual-honor-time --sim-diag-csv /home/ksha/Documents/sbel/offroad-control/benchmarking/results/human_delay_compensation_rounds_20260802_224342/raw/0030_mpsf_lead_brake_5g_nhits_geforce_clay_straight_v5_b0_r2/sim_diag.csv --nn-model rig_static_v5_cmd --simple-powertrain --cam-width 1280 --cam-height 800 --cam-fov 1.05 --cam-rate 30.0 --cam-fullscreen --delayed-pov --convoy lead_brake --traffic-detail mesh --goal-distance 40.0 --mesh-resolution 0.12 --latency-phase-s 120.0 --latency-profile-json /home/ksha/Documents/sbel/offroad-control/latency_profiles/5g_nhits_geforce.json --latency-profile-log /home/ksha/Documents/sbel/offroad-control/benchmarking/results/human_delay_compensation_rounds_20260802_224342/raw/0030_mpsf_lead_brake_5g_nhits_geforce_clay_straight_v5_b0_r2/latency_profile.csv --manual --rock-zone-x 10.0 98.0 --rock-zone-y -16.0 16.0 --rock-size 0.5 1.4 --rock-min-spacing 6.0 --rock-centerline-clear 3.0 --rock-spawn-clear 8.0 --safety-filter --safety-flavor mpsf --safety-buffer 0.25 --shield-horizon 12 --cbf-alpha 5.0 --cbf-forward-bias 3.0
31,study,acmd_single_operator_hil_demo_v2,op01,G923_Racing_Wheel_for_PlayStation_and_PC,3,2,b03_lead_brake_5g_nhits_geforce_clay_straight_v5_b0_seed912,dob_cbf,0.0,lead_brake,clay,straight,5.0,0,912,/home/ksha/Documents/sbel/offroad-control/benchmarking/results/human_delay_compensation_rounds_20260802_224342/raw/0031_dob_cbf_lead_brake_5g_nhits_geforce_clay_straight_v5_b0_r2,/home/ksha/miniconda3/envs/scm-terrain/bin/python -u /home/ksha/Documents/sbel/offroad-control/simulation/runtime/launch_decoupled.py --terrain clay --path straight --speed 5.0 --time 25.0 --lead-in 5.0 --bumpiness 0 --rocks 5 --rock-seed 912 --sim-seed 912 --sim-port 10462 --ctrl-port 10463 --transport ros --vis-mode sensor --manual-honor-time --sim-diag-csv /home/ksha/Documents/sbel/offroad-control/benchmarking/results/human_delay_compensation_rounds_20260802_224342/raw/0031_dob_cbf_lead_brake_5g_nhits_geforce_clay_straight_v5_b0_r2/sim_diag.csv --nn-model rig_static_v5_cmd --simple-powertrain --cam-width 1280 --cam-height 800 --cam-fov 1.05 --cam-rate 30.0 --cam-fullscreen --delayed-pov --convoy lead_brake --traffic-detail mesh --goal-distance 40.0 --mesh-resolution 0.12 --latency-phase-s 120.0 --latency-profile-json /home/ksha/Documents/sbel/offroad-control/latency_profiles/5g_nhits_geforce.json --latency-profile-log /home/ksha/Documents/sbel/offroad-control/benchmarking/results/human_delay_compensation_rounds_20260802_224342/raw/0031_dob_cbf_lead_brake_5g_nhits_geforce_clay_straight_v5_b0_r2/latency_profile.csv --manual --rock-zone-x 10.0 98.0 --rock-zone-y -16.0 16.0 --rock-size 0.5 1.4 --rock-min-spacing 6.0 --rock-centerline-clear 3.0 --rock-spawn-clear 8.0 --safety-filter --safety-flavor dob_cbf --safety-buffer 0.25 --shield-horizon 12 --cbf-alpha 5.0 --cbf-forward-bias 3.0
32,study,acmd_single_operator_hil_demo_v2,op01,G923_Racing_Wheel_for_PlayStation_and_PC,3,2,b03_oncoming_5g_nhits_geforce_clay_straight_v5_b0_seed912,dob_cbf,0.0,oncoming,clay,straight,5.0,0,912,/home/ksha/Documents/sbel/offroad-control/benchmarking/results/human_delay_compensation_rounds_20260802_224342/raw/0032_dob_cbf_oncoming_5g_nhits_geforce_clay_straight_v5_b0_r2,/home/ksha/miniconda3/envs/scm-terrain/bin/python -u /home/ksha/Documents/sbel/offroad-control/simulation/runtime/launch_decoupled.py --terrain clay --path straight --speed 5.0 --time 25.0 --lead-in 5.0 --bumpiness 0 --rocks 5 --rock-seed 912 --sim-seed 912 --sim-port 10464 --ctrl-port 10465 --transport ros --vis-mode sensor --manual-honor-time --sim-diag-csv /home/ksha/Documents/sbel/offroad-control/benchmarking/results/human_delay_compensation_rounds_20260802_224342/raw/0032_dob_cbf_oncoming_5g_nhits_geforce_clay_straight_v5_b0_r2/sim_diag.csv --nn-model rig_static_v5_cmd --simple-powertrain --cam-width 1280 --cam-height 800 --cam-fov 1.05 --cam-rate 30.0 --cam-fullscreen --delayed-pov --convoy oncoming --traffic-detail mesh --goal-distance 40.0 --mesh-resolution 0.12 --latency-phase-s 120.0 --latency-profile-json /home/ksha/Documents/sbel/offroad-control/latency_profiles/5g_nhits_geforce.json --latency-profile-log /home/ksha/Documents/sbel/offroad-control/benchmarking/results/human_delay_compensation_rounds_20260802_224342/raw/0032_dob_cbf_oncoming_5g_nhits_geforce_clay_straight_v5_b0_r2/latency_profile.csv --manual --rock-zone-x 10.0 98.0 --rock-zone-y -16.0 16.0 --rock-size 0.5 1.4 --rock-min-spacing 6.0 --rock-centerline-clear 3.0 --rock-spawn-clear 8.0 --safety-filter --safety-flavor dob_cbf --safety-buffer 0.25 --shield-horizon 12 --cbf-alpha 5.0 --cbf-forward-bias 3.0
33,study,acmd_single_operator_hil_demo_v2,op01,G923_Racing_Wheel_for_PlayStation_and_PC,3,2,b03_cut_in_5g_nhits_geforce_clay_straight_v5_b0_seed912,mpsf,0.0,cut_in,clay,straight,5.0,0,912,/home/ksha/Documents/sbel/offroad-control/benchmarking/results/human_delay_compensation_rounds_20260802_224342/raw/0033_mpsf_cut_in_5g_nhits_geforce_clay_straight_v5_b0_r2,/home/ksha/miniconda3/envs/scm-terrain/bin/python -u /home/ksha/Documents/sbel/offroad-control/simulation/runtime/launch_decoupled.py --terrain clay --path straight --speed 5.0 --time 25.0 --lead-in 5.0 --bumpiness 0 --rocks 5 --rock-seed 912 --sim-seed 912 --sim-port 10466 --ctrl-port 10467 --transport ros --vis-mode sensor --manual-honor-time --sim-diag-csv /home/ksha/Documents/sbel/offroad-control/benchmarking/results/human_delay_compensation_rounds_20260802_224342/raw/0033_mpsf_cut_in_5g_nhits_geforce_clay_straight_v5_b0_r2/sim_diag.csv --nn-model rig_static_v5_cmd --simple-powertrain --cam-width 1280 --cam-height 800 --cam-fov 1.05 --cam-rate 30.0 --cam-fullscreen --delayed-pov --convoy cut_in --traffic-detail mesh --goal-distance 40.0 --mesh-resolution 0.12 --latency-phase-s 120.0 --latency-profile-json /home/ksha/Documents/sbel/offroad-control/latency_profiles/5g_nhits_geforce.json --latency-profile-log /home/ksha/Documents/sbel/offroad-control/benchmarking/results/human_delay_compensation_rounds_20260802_224342/raw/0033_mpsf_cut_in_5g_nhits_geforce_clay_straight_v5_b0_r2/latency_profile.csv --manual --rock-zone-x 10.0 98.0 --rock-zone-y -16.0 16.0 --rock-size 0.5 1.4 --rock-min-spacing 6.0 --rock-centerline-clear 3.0 --rock-spawn-clear 8.0 --safety-filter --safety-flavor mpsf --safety-buffer 0.25 --shield-horizon 12 --cbf-alpha 5.0 --cbf-forward-bias 3.0
34,study,acmd_single_operator_hil_demo_v2,op01,G923_Racing_Wheel_for_PlayStation_and_PC,3,2,b03_cut_in_5g_nhits_geforce_clay_straight_v5_b0_seed912,dob_cbf,0.0,cut_in,clay,straight,5.0,0,912,/home/ksha/Documents/sbel/offroad-control/benchmarking/results/human_delay_compensation_rounds_20260802_224342/raw/0034_dob_cbf_cut_in_5g_nhits_geforce_clay_straight_v5_b0_r2,/home/ksha/miniconda3/envs/scm-terrain/bin/python -u /home/ksha/Documents/sbel/offroad-control/simulation/runtime/launch_decoupled.py --terrain clay --path straight --speed 5.0 --time 25.0 --lead-in 5.0 --bumpiness 0 --rocks 5 --rock-seed 912 --sim-seed 912 --sim-port 10468 --ctrl-port 10469 --transport ros --vis-mode sensor --manual-honor-time --sim-diag-csv /home/ksha/Documents/sbel/offroad-control/benchmarking/results/human_delay_compensation_rounds_20260802_224342/raw/0034_dob_cbf_cut_in_5g_nhits_geforce_clay_straight_v5_b0_r2/sim_diag.csv --nn-model rig_static_v5_cmd --simple-powertrain --cam-width 1280 --cam-height 800 --cam-fov 1.05 --cam-rate 30.0 --cam-fullscreen --delayed-pov --convoy cut_in --traffic-detail mesh --goal-distance 40.0 --mesh-resolution 0.12 --latency-phase-s 120.0 --latency-profile-json /home/ksha/Documents/sbel/offroad-control/latency_profiles/5g_nhits_geforce.json --latency-profile-log /home/ksha/Documents/sbel/offroad-control/benchmarking/results/human_delay_compensation_rounds_20260802_224342/raw/0034_dob_cbf_cut_in_5g_nhits_geforce_clay_straight_v5_b0_r2/latency_profile.csv --manual --rock-zone-x 10.0 98.0 --rock-zone-y -16.0 16.0 --rock-size 0.5 1.4 --rock-min-spacing 6.0 --rock-centerline-clear 3.0 --rock-spawn-clear 8.0 --safety-filter --safety-flavor dob_cbf --safety-buffer 0.25 --shield-horizon 12 --cbf-alpha 5.0 --cbf-forward-bias 3.0
35,study,acmd_single_operator_hil_demo_v2,op01,G923_Racing_Wheel_for_PlayStation_and_PC,3,2,b03_lead_brake_5g_nhits_geforce_clay_straight_v5_b0_seed912,none,0.0,lead_brake,clay,straight,5.0,0,912,/home/ksha/Documents/sbel/offroad-control/benchmarking/results/human_delay_compensation_rounds_20260802_224342/raw/0035_none_lead_brake_5g_nhits_geforce_clay_straight_v5_b0_r2,/home/ksha/miniconda3/envs/scm-terrain/bin/python -u /home/ksha/Documents/sbel/offroad-control/simulation/runtime/launch_decoupled.py --terrain clay --path straight --speed 5.0 --time 25.0 --lead-in 5.0 --bumpiness 0 --rocks 5 --rock-seed 912 --sim-seed 912 --sim-port 10470 --ctrl-port 10471 --transport ros --vis-mode sensor --manual-honor-time --sim-diag-csv /home/ksha/Documents/sbel/offroad-control/benchmarking/results/human_delay_compensation_rounds_20260802_224342/raw/0035_none_lead_brake_5g_nhits_geforce_clay_straight_v5_b0_r2/sim_diag.csv --nn-model rig_static_v5_cmd --simple-powertrain --cam-width 1280 --cam-height 800 --cam-fov 1.05 --cam-rate 30.0 --cam-fullscreen --delayed-pov --convoy lead_brake --traffic-detail mesh --goal-distance 40.0 --mesh-resolution 0.12 --latency-phase-s 120.0 --latency-profile-json /home/ksha/Documents/sbel/offroad-control/latency_profiles/5g_nhits_geforce.json --latency-profile-log /home/ksha/Documents/sbel/offroad-control/benchmarking/results/human_delay_compensation_rounds_20260802_224342/raw/0035_none_lead_brake_5g_nhits_geforce_clay_straight_v5_b0_r2/latency_profile.csv --manual --rock-zone-x 10.0 98.0 --rock-zone-y -16.0 16.0 --rock-size 0.5 1.4 --rock-min-spacing 6.0 --rock-centerline-clear 3.0 --rock-spawn-clear 8.0
36,study,acmd_single_operator_hil_demo_v2,op01,G923_Racing_Wheel_for_PlayStation_and_PC,4,3,b04_lead_brake_5g_nhits_geforce_clay_straight_v5_b0_seed913,dob_cbf,0.0,lead_brake,clay,straight,5.0,0,913,/home/ksha/Documents/sbel/offroad-control/benchmarking/results/human_delay_compensation_rounds_20260802_224342/raw/0036_dob_cbf_lead_brake_5g_nhits_geforce_clay_straight_v5_b0_r3,/home/ksha/miniconda3/envs/scm-terrain/bin/python -u /home/ksha/Documents/sbel/offroad-control/simulation/runtime/launch_decoupled.py --terrain clay --path straight --speed 5.0 --time 25.0 --lead-in 5.0 --bumpiness 0 --rocks 5 --rock-seed 913 --sim-seed 913 --sim-port 10472 --ctrl-port 10473 --transport ros --vis-mode sensor --manual-honor-time --sim-diag-csv /home/ksha/Documents/sbel/offroad-control/benchmarking/results/human_delay_compensation_rounds_20260802_224342/raw/0036_dob_cbf_lead_brake_5g_nhits_geforce_clay_straight_v5_b0_r3/sim_diag.csv --nn-model rig_static_v5_cmd --simple-powertrain --cam-width 1280 --cam-height 800 --cam-fov 1.05 --cam-rate 30.0 --cam-fullscreen --delayed-pov --convoy lead_brake --traffic-detail mesh --goal-distance 40.0 --mesh-resolution 0.12 --latency-phase-s 180.0 --latency-profile-json /home/ksha/Documents/sbel/offroad-control/latency_profiles/5g_nhits_geforce.json --latency-profile-log /home/ksha/Documents/sbel/offroad-control/benchmarking/results/human_delay_compensation_rounds_20260802_224342/raw/0036_dob_cbf_lead_brake_5g_nhits_geforce_clay_straight_v5_b0_r3/latency_profile.csv --manual --rock-zone-x 10.0 98.0 --rock-zone-y -16.0 16.0 --rock-size 0.5 1.4 --rock-min-spacing 6.0 --rock-centerline-clear 3.0 --rock-spawn-clear 8.0 --safety-filter --safety-flavor dob_cbf --safety-buffer 0.25 --shield-horizon 12 --cbf-alpha 5.0 --cbf-forward-bias 3.0
37,study,acmd_single_operator_hil_demo_v2,op01,G923_Racing_Wheel_for_PlayStation_and_PC,4,3,b04_stalled_5g_nhits_geforce_clay_straight_v5_b0_seed913,none,0.0,stalled,clay,straight,5.0,0,913,/home/ksha/Documents/sbel/offroad-control/benchmarking/results/human_delay_compensation_rounds_20260802_224342/raw/0037_none_stalled_5g_nhits_geforce_clay_straight_v5_b0_r3,/home/ksha/miniconda3/envs/scm-terrain/bin/python -u /home/ksha/Documents/sbel/offroad-control/simulation/runtime/launch_decoupled.py --terrain clay --path straight --speed 5.0 --time 25.0 --lead-in 5.0 --bumpiness 0 --rocks 5 --rock-seed 913 --sim-seed 913 --sim-port 10474 --ctrl-port 10475 --transport ros --vis-mode sensor --manual-honor-time --sim-diag-csv /home/ksha/Documents/sbel/offroad-control/benchmarking/results/human_delay_compensation_rounds_20260802_224342/raw/0037_none_stalled_5g_nhits_geforce_clay_straight_v5_b0_r3/sim_diag.csv --nn-model rig_static_v5_cmd --simple-powertrain --cam-width 1280 --cam-height 800 --cam-fov 1.05 --cam-rate 30.0 --cam-fullscreen --delayed-pov --convoy stalled --traffic-detail mesh --goal-distance 40.0 --mesh-resolution 0.12 --latency-phase-s 180.0 --latency-profile-json /home/ksha/Documents/sbel/offroad-control/latency_profiles/5g_nhits_geforce.json --latency-profile-log /home/ksha/Documents/sbel/offroad-control/benchmarking/results/human_delay_compensation_rounds_20260802_224342/raw/0037_none_stalled_5g_nhits_geforce_clay_straight_v5_b0_r3/latency_profile.csv --manual --rock-zone-x 10.0 98.0 --rock-zone-y -16.0 16.0 --rock-size 0.5 1.4 --rock-min-spacing 6.0 --rock-centerline-clear 3.0 --rock-spawn-clear 8.0
38,study,acmd_single_operator_hil_demo_v2,op01,G923_Racing_Wheel_for_PlayStation_and_PC,4,3,b04_cut_in_5g_nhits_geforce_clay_straight_v5_b0_seed913,dob_cbf,0.0,cut_in,clay,straight,5.0,0,913,/home/ksha/Documents/sbel/offroad-control/benchmarking/results/human_delay_compensation_rounds_20260802_224342/raw/0038_dob_cbf_cut_in_5g_nhits_geforce_clay_straight_v5_b0_r3,/home/ksha/miniconda3/envs/scm-terrain/bin/python -u /home/ksha/Documents/sbel/offroad-control/simulation/runtime/launch_decoupled.py --terrain clay --path straight --speed 5.0 --time 25.0 --lead-in 5.0 --bumpiness 0 --rocks 5 --rock-seed 913 --sim-seed 913 --sim-port 10476 --ctrl-port 10477 --transport ros --vis-mode sensor --manual-honor-time --sim-diag-csv /home/ksha/Documents/sbel/offroad-control/benchmarking/results/human_delay_compensation_rounds_20260802_224342/raw/0038_dob_cbf_cut_in_5g_nhits_geforce_clay_straight_v5_b0_r3/sim_diag.csv --nn-model rig_static_v5_cmd --simple-powertrain --cam-width 1280 --cam-height 800 --cam-fov 1.05 --cam-rate 30.0 --cam-fullscreen --delayed-pov --convoy cut_in --traffic-detail mesh --goal-distance 40.0 --mesh-resolution 0.12 --latency-phase-s 180.0 --latency-profile-json /home/ksha/Documents/sbel/offroad-control/latency_profiles/5g_nhits_geforce.json --latency-profile-log /home/ksha/Documents/sbel/offroad-control/benchmarking/results/human_delay_compensation_rounds_20260802_224342/raw/0038_dob_cbf_cut_in_5g_nhits_geforce_clay_straight_v5_b0_r3/latency_profile.csv --manual --rock-zone-x 10.0 98.0 --rock-zone-y -16.0 16.0 --rock-size 0.5 1.4 --rock-min-spacing 6.0 --rock-centerline-clear 3.0 --rock-spawn-clear 8.0 --safety-filter --safety-flavor dob_cbf --safety-buffer 0.25 --shield-horizon 12 --cbf-alpha 5.0 --cbf-forward-bias 3.0
39,study,acmd_single_operator_hil_demo_v2,op01,G923_Racing_Wheel_for_PlayStation_and_PC,4,3,b04_stalled_5g_nhits_geforce_clay_straight_v5_b0_seed913,dob_cbf,0.0,stalled,clay,straight,5.0,0,913,/home/ksha/Documents/sbel/offroad-control/benchmarking/results/human_delay_compensation_rounds_20260802_224342/raw/0039_dob_cbf_stalled_5g_nhits_geforce_clay_straight_v5_b0_r3,/home/ksha/miniconda3/envs/scm-terrain/bin/python -u /home/ksha/Documents/sbel/offroad-control/simulation/runtime/launch_decoupled.py --terrain clay --path straight --speed 5.0 --time 25.0 --lead-in 5.0 --bumpiness 0 --rocks 5 --rock-seed 913 --sim-seed 913 --sim-port 10478 --ctrl-port 10479 --transport ros --vis-mode sensor --manual-honor-time --sim-diag-csv /home/ksha/Documents/sbel/offroad-control/benchmarking/results/human_delay_compensation_rounds_20260802_224342/raw/0039_dob_cbf_stalled_5g_nhits_geforce_clay_straight_v5_b0_r3/sim_diag.csv --nn-model rig_static_v5_cmd --simple-powertrain --cam-width 1280 --cam-height 800 --cam-fov 1.05 --cam-rate 30.0 --cam-fullscreen --delayed-pov --convoy stalled --traffic-detail mesh --goal-distance 40.0 --mesh-resolution 0.12 --latency-phase-s 180.0 --latency-profile-json /home/ksha/Documents/sbel/offroad-control/latency_profiles/5g_nhits_geforce.json --latency-profile-log /home/ksha/Documents/sbel/offroad-control/benchmarking/results/human_delay_compensation_rounds_20260802_224342/raw/0039_dob_cbf_stalled_5g_nhits_geforce_clay_straight_v5_b0_r3/latency_profile.csv --manual --rock-zone-x 10.0 98.0 --rock-zone-y -16.0 16.0 --rock-size 0.5 1.4 --rock-min-spacing 6.0 --rock-centerline-clear 3.0 --rock-spawn-clear 8.0 --safety-filter --safety-flavor dob_cbf --safety-buffer 0.25 --shield-horizon 12 --cbf-alpha 5.0 --cbf-forward-bias 3.0
40,study,acmd_single_operator_hil_demo_v2,op01,G923_Racing_Wheel_for_PlayStation_and_PC,4,3,b04_cut_in_5g_nhits_geforce_clay_straight_v5_b0_seed913,mpsf,0.0,cut_in,clay,straight,5.0,0,913,/home/ksha/Documents/sbel/offroad-control/benchmarking/results/human_delay_compensation_rounds_20260802_224342/raw/0040_mpsf_cut_in_5g_nhits_geforce_clay_straight_v5_b0_r3,/home/ksha/miniconda3/envs/scm-terrain/bin/python -u /home/ksha/Documents/sbel/offroad-control/simulation/runtime/launch_decoupled.py --terrain clay --path straight --speed 5.0 --time 25.0 --lead-in 5.0 --bumpiness 0 --rocks 5 --rock-seed 913 --sim-seed 913 --sim-port 10480 --ctrl-port 10481 --transport ros --vis-mode sensor --manual-honor-time --sim-diag-csv /home/ksha/Documents/sbel/offroad-control/benchmarking/results/human_delay_compensation_rounds_20260802_224342/raw/0040_mpsf_cut_in_5g_nhits_geforce_clay_straight_v5_b0_r3/sim_diag.csv --nn-model rig_static_v5_cmd --simple-powertrain --cam-width 1280 --cam-height 800 --cam-fov 1.05 --cam-rate 30.0 --cam-fullscreen --delayed-pov --convoy cut_in --traffic-detail mesh --goal-distance 40.0 --mesh-resolution 0.12 --latency-phase-s 180.0 --latency-profile-json /home/ksha/Documents/sbel/offroad-control/latency_profiles/5g_nhits_geforce.json --latency-profile-log /home/ksha/Documents/sbel/offroad-control/benchmarking/results/human_delay_compensation_rounds_20260802_224342/raw/0040_mpsf_cut_in_5g_nhits_geforce_clay_straight_v5_b0_r3/latency_profile.csv --manual --rock-zone-x 10.0 98.0 --rock-zone-y -16.0 16.0 --rock-size 0.5 1.4 --rock-min-spacing 6.0 --rock-centerline-clear 3.0 --rock-spawn-clear 8.0 --safety-filter --safety-flavor mpsf --safety-buffer 0.25 --shield-horizon 12 --cbf-alpha 5.0 --cbf-forward-bias 3.0
41,study,acmd_single_operator_hil_demo_v2,op01,G923_Racing_Wheel_for_PlayStation_and_PC,4,3,b04_lead_brake_5g_nhits_geforce_clay_straight_v5_b0_seed913,mpsf,0.0,lead_brake,clay,straight,5.0,0,913,/home/ksha/Documents/sbel/offroad-control/benchmarking/results/human_delay_compensation_rounds_20260802_224342/raw/0041_mpsf_lead_brake_5g_nhits_geforce_clay_straight_v5_b0_r3,/home/ksha/miniconda3/envs/scm-terrain/bin/python -u /home/ksha/Documents/sbel/offroad-control/simulation/runtime/launch_decoupled.py --terrain clay --path straight --speed 5.0 --time 25.0 --lead-in 5.0 --bumpiness 0 --rocks 5 --rock-seed 913 --sim-seed 913 --sim-port 10482 --ctrl-port 10483 --transport ros --vis-mode sensor --manual-honor-time --sim-diag-csv /home/ksha/Documents/sbel/offroad-control/benchmarking/results/human_delay_compensation_rounds_20260802_224342/raw/0041_mpsf_lead_brake_5g_nhits_geforce_clay_straight_v5_b0_r3/sim_diag.csv --nn-model rig_static_v5_cmd --simple-powertrain --cam-width 1280 --cam-height 800 --cam-fov 1.05 --cam-rate 30.0 --cam-fullscreen --delayed-pov --convoy lead_brake --traffic-detail mesh --goal-distance 40.0 --mesh-resolution 0.12 --latency-phase-s 180.0 --latency-profile-json /home/ksha/Documents/sbel/offroad-control/latency_profiles/5g_nhits_geforce.json --latency-profile-log /home/ksha/Documents/sbel/offroad-control/benchmarking/results/human_delay_compensation_rounds_20260802_224342/raw/0041_mpsf_lead_brake_5g_nhits_geforce_clay_straight_v5_b0_r3/latency_profile.csv --manual --rock-zone-x 10.0 98.0 --rock-zone-y -16.0 16.0 --rock-size 0.5 1.4 --rock-min-spacing 6.0 --rock-centerline-clear 3.0 --rock-spawn-clear 8.0 --safety-filter --safety-flavor mpsf --safety-buffer 0.25 --shield-horizon 12 --cbf-alpha 5.0 --cbf-forward-bias 3.0
42,study,acmd_single_operator_hil_demo_v2,op01,G923_Racing_Wheel_for_PlayStation_and_PC,4,3,b04_cut_in_5g_nhits_geforce_clay_straight_v5_b0_seed913,none,0.0,cut_in,clay,straight,5.0,0,913,/home/ksha/Documents/sbel/offroad-control/benchmarking/results/human_delay_compensation_rounds_20260802_224342/raw/0042_none_cut_in_5g_nhits_geforce_clay_straight_v5_b0_r3,/home/ksha/miniconda3/envs/scm-terrain/bin/python -u /home/ksha/Documents/sbel/offroad-control/simulation/runtime/launch_decoupled.py --terrain clay --path straight --speed 5.0 --time 25.0 --lead-in 5.0 --bumpiness 0 --rocks 5 --rock-seed 913 --sim-seed 913 --sim-port 10484 --ctrl-port 10485 --transport ros --vis-mode sensor --manual-honor-time --sim-diag-csv /home/ksha/Documents/sbel/offroad-control/benchmarking/results/human_delay_compensation_rounds_20260802_224342/raw/0042_none_cut_in_5g_nhits_geforce_clay_straight_v5_b0_r3/sim_diag.csv --nn-model rig_static_v5_cmd --simple-powertrain --cam-width 1280 --cam-height 800 --cam-fov 1.05 --cam-rate 30.0 --cam-fullscreen --delayed-pov --convoy cut_in --traffic-detail mesh --goal-distance 40.0 --mesh-resolution 0.12 --latency-phase-s 180.0 --latency-profile-json /home/ksha/Documents/sbel/offroad-control/latency_profiles/5g_nhits_geforce.json --latency-profile-log /home/ksha/Documents/sbel/offroad-control/benchmarking/results/human_delay_compensation_rounds_20260802_224342/raw/0042_none_cut_in_5g_nhits_geforce_clay_straight_v5_b0_r3/latency_profile.csv --manual --rock-zone-x 10.0 98.0 --rock-zone-y -16.0 16.0 --rock-size 0.5 1.4 --rock-min-spacing 6.0 --rock-centerline-clear 3.0 --rock-spawn-clear 8.0
43,study,acmd_single_operator_hil_demo_v2,op01,G923_Racing_Wheel_for_PlayStation_and_PC,4,3,b04_oncoming_5g_nhits_geforce_clay_straight_v5_b0_seed913,dob_cbf,0.0,oncoming,clay,straight,5.0,0,913,/home/ksha/Documents/sbel/offroad-control/benchmarking/results/human_delay_compensation_rounds_20260802_224342/raw/0043_dob_cbf_oncoming_5g_nhits_geforce_clay_straight_v5_b0_r3,/home/ksha/miniconda3/envs/scm-terrain/bin/python -u /home/ksha/Documents/sbel/offroad-control/simulation/runtime/launch_decoupled.py --terrain clay --path straight --speed 5.0 --time 25.0 --lead-in 5.0 --bumpiness 0 --rocks 5 --rock-seed 913 --sim-seed 913 --sim-port 10486 --ctrl-port 10487 --transport ros --vis-mode sensor --manual-honor-time --sim-diag-csv /home/ksha/Documents/sbel/offroad-control/benchmarking/results/human_delay_compensation_rounds_20260802_224342/raw/0043_dob_cbf_oncoming_5g_nhits_geforce_clay_straight_v5_b0_r3/sim_diag.csv --nn-model rig_static_v5_cmd --simple-powertrain --cam-width 1280 --cam-height 800 --cam-fov 1.05 --cam-rate 30.0 --cam-fullscreen --delayed-pov --convoy oncoming --traffic-detail mesh --goal-distance 40.0 --mesh-resolution 0.12 --latency-phase-s 180.0 --latency-profile-json /home/ksha/Documents/sbel/offroad-control/latency_profiles/5g_nhits_geforce.json --latency-profile-log /home/ksha/Documents/sbel/offroad-control/benchmarking/results/human_delay_compensation_rounds_20260802_224342/raw/0043_dob_cbf_oncoming_5g_nhits_geforce_clay_straight_v5_b0_r3/latency_profile.csv --manual --rock-zone-x 10.0 98.0 --rock-zone-y -16.0 16.0 --rock-size 0.5 1.4 --rock-min-spacing 6.0 --rock-centerline-clear 3.0 --rock-spawn-clear 8.0 --safety-filter --safety-flavor dob_cbf --safety-buffer 0.25 --shield-horizon 12 --cbf-alpha 5.0 --cbf-forward-bias 3.0
44,study,acmd_single_operator_hil_demo_v2,op01,G923_Racing_Wheel_for_PlayStation_and_PC,4,3,b04_stalled_5g_nhits_geforce_clay_straight_v5_b0_seed913,mpsf,0.0,stalled,clay,straight,5.0,0,913,/home/ksha/Documents/sbel/offroad-control/benchmarking/results/human_delay_compensation_rounds_20260802_224342/raw/0044_mpsf_stalled_5g_nhits_geforce_clay_straight_v5_b0_r3,/home/ksha/miniconda3/envs/scm-terrain/bin/python -u /home/ksha/Documents/sbel/offroad-control/simulation/runtime/launch_decoupled.py --terrain clay --path straight --speed 5.0 --time 25.0 --lead-in 5.0 --bumpiness 0 --rocks 5 --rock-seed 913 --sim-seed 913 --sim-port 10488 --ctrl-port 10489 --transport ros --vis-mode sensor --manual-honor-time --sim-diag-csv /home/ksha/Documents/sbel/offroad-control/benchmarking/results/human_delay_compensation_rounds_20260802_224342/raw/0044_mpsf_stalled_5g_nhits_geforce_clay_straight_v5_b0_r3/sim_diag.csv --nn-model rig_static_v5_cmd --simple-powertrain --cam-width 1280 --cam-height 800 --cam-fov 1.05 --cam-rate 30.0 --cam-fullscreen --delayed-pov --convoy stalled --traffic-detail mesh --goal-distance 40.0 --mesh-resolution 0.12 --latency-phase-s 180.0 --latency-profile-json /home/ksha/Documents/sbel/offroad-control/latency_profiles/5g_nhits_geforce.json --latency-profile-log /home/ksha/Documents/sbel/offroad-control/benchmarking/results/human_delay_compensation_rounds_20260802_224342/raw/0044_mpsf_stalled_5g_nhits_geforce_clay_straight_v5_b0_r3/latency_profile.csv --manual --rock-zone-x 10.0 98.0 --rock-zone-y -16.0 16.0 --rock-size 0.5 1.4 --rock-min-spacing 6.0 --rock-centerline-clear 3.0 --rock-spawn-clear 8.0 --safety-filter --safety-flavor mpsf --safety-buffer 0.25 --shield-horizon 12 --cbf-alpha 5.0 --cbf-forward-bias 3.0
45,study,acmd_single_operator_hil_demo_v2,op01,G923_Racing_Wheel_for_PlayStation_and_PC,4,3,b04_lead_brake_5g_nhits_geforce_clay_straight_v5_b0_seed913,none,0.0,lead_brake,clay,straight,5.0,0,913,/home/ksha/Documents/sbel/offroad-control/benchmarking/results/human_delay_compensation_rounds_20260802_224342/raw/0045_none_lead_brake_5g_nhits_geforce_clay_straight_v5_b0_r3,/home/ksha/miniconda3/envs/scm-terrain/bin/python -u /home/ksha/Documents/sbel/offroad-control/simulation/runtime/launch_decoupled.py --terrain clay --path straight --speed 5.0 --time 25.0 --lead-in 5.0 --bumpiness 0 --rocks 5 --rock-seed 913 --sim-seed 913 --sim-port 10490 --ctrl-port 10491 --transport ros --vis-mode sensor --manual-honor-time --sim-diag-csv /home/ksha/Documents/sbel/offroad-control/benchmarking/results/human_delay_compensation_rounds_20260802_224342/raw/0045_none_lead_brake_5g_nhits_geforce_clay_straight_v5_b0_r3/sim_diag.csv --nn-model rig_static_v5_cmd --simple-powertrain --cam-width 1280 --cam-height 800 --cam-fov 1.05 --cam-rate 30.0 --cam-fullscreen --delayed-pov --convoy lead_brake --traffic-detail mesh --goal-distance 40.0 --mesh-resolution 0.12 --latency-phase-s 180.0 --latency-profile-json /home/ksha/Documents/sbel/offroad-control/latency_profiles/5g_nhits_geforce.json --latency-profile-log /home/ksha/Documents/sbel/offroad-control/benchmarking/results/human_delay_compensation_rounds_20260802_224342/raw/0045_none_lead_brake_5g_nhits_geforce_clay_straight_v5_b0_r3/latency_profile.csv --manual --rock-zone-x 10.0 98.0 --rock-zone-y -16.0 16.0 --rock-size 0.5 1.4 --rock-min-spacing 6.0 --rock-centerline-clear 3.0 --rock-spawn-clear 8.0
46,study,acmd_single_operator_hil_demo_v2,op01,G923_Racing_Wheel_for_PlayStation_and_PC,4,3,b04_oncoming_5g_nhits_geforce_clay_straight_v5_b0_seed913,none,0.0,oncoming,clay,straight,5.0,0,913,/home/ksha/Documents/sbel/offroad-control/benchmarking/results/human_delay_compensation_rounds_20260802_224342/raw/0046_none_oncoming_5g_nhits_geforce_clay_straight_v5_b0_r3,/home/ksha/miniconda3/envs/scm-terrain/bin/python -u /home/ksha/Documents/sbel/offroad-control/simulation/runtime/launch_decoupled.py --terrain clay --path straight --speed 5.0 --time 25.0 --lead-in 5.0 --bumpiness 0 --rocks 5 --rock-seed 913 --sim-seed 913 --sim-port 10492 --ctrl-port 10493 --transport ros --vis-mode sensor --manual-honor-time --sim-diag-csv /home/ksha/Documents/sbel/offroad-control/benchmarking/results/human_delay_compensation_rounds_20260802_224342/raw/0046_none_oncoming_5g_nhits_geforce_clay_straight_v5_b0_r3/sim_diag.csv --nn-model rig_static_v5_cmd --simple-powertrain --cam-width 1280 --cam-height 800 --cam-fov 1.05 --cam-rate 30.0 --cam-fullscreen --delayed-pov --convoy oncoming --traffic-detail mesh --goal-distance 40.0 --mesh-resolution 0.12 --latency-phase-s 180.0 --latency-profile-json /home/ksha/Documents/sbel/offroad-control/latency_profiles/5g_nhits_geforce.json --latency-profile-log /home/ksha/Documents/sbel/offroad-control/benchmarking/results/human_delay_compensation_rounds_20260802_224342/raw/0046_none_oncoming_5g_nhits_geforce_clay_straight_v5_b0_r3/latency_profile.csv --manual --rock-zone-x 10.0 98.0 --rock-zone-y -16.0 16.0 --rock-size 0.5 1.4 --rock-min-spacing 6.0 --rock-centerline-clear 3.0 --rock-spawn-clear 8.0
47,study,acmd_single_operator_hil_demo_v2,op01,G923_Racing_Wheel_for_PlayStation_and_PC,4,3,b04_oncoming_5g_nhits_geforce_clay_straight_v5_b0_seed913,mpsf,0.0,oncoming,clay,straight,5.0,0,913,/home/ksha/Documents/sbel/offroad-control/benchmarking/results/human_delay_compensation_rounds_20260802_224342/raw/0047_mpsf_oncoming_5g_nhits_geforce_clay_straight_v5_b0_r3,/home/ksha/miniconda3/envs/scm-terrain/bin/python -u /home/ksha/Documents/sbel/offroad-control/simulation/runtime/launch_decoupled.py --terrain clay --path straight --speed 5.0 --time 25.0 --lead-in 5.0 --bumpiness 0 --rocks 5 --rock-seed 913 --sim-seed 913 --sim-port 10494 --ctrl-port 10495 --transport ros --vis-mode sensor --manual-honor-time --sim-diag-csv /home/ksha/Documents/sbel/offroad-control/benchmarking/results/human_delay_compensation_rounds_20260802_224342/raw/0047_mpsf_oncoming_5g_nhits_geforce_clay_straight_v5_b0_r3/sim_diag.csv --nn-model rig_static_v5_cmd --simple-powertrain --cam-width 1280 --cam-height 800 --cam-fov 1.05 --cam-rate 30.0 --cam-fullscreen --delayed-pov --convoy oncoming --traffic-detail mesh --goal-distance 40.0 --mesh-resolution 0.12 --latency-phase-s 180.0 --latency-profile-json /home/ksha/Documents/sbel/offroad-control/latency_profiles/5g_nhits_geforce.json --latency-profile-log /home/ksha/Documents/sbel/offroad-control/benchmarking/results/human_delay_compensation_rounds_20260802_224342/raw/0047_mpsf_oncoming_5g_nhits_geforce_clay_straight_v5_b0_r3/latency_profile.csv --manual --rock-zone-x 10.0 98.0 --rock-zone-y -16.0 16.0 --rock-size 0.5 1.4 --rock-min-spacing 6.0 --rock-centerline-clear 3.0 --rock-spawn-clear 8.0 --safety-filter --safety-flavor mpsf --safety-buffer 0.25 --shield-horizon 12 --cbf-alpha 5.0 --cbf-forward-bias 3.0
