variant,terrain,path,bumpiness,seed,status,mean_u_window,max_cte_window,x_max_m,window_rows,sim_port,attempts
aggressive,clay,lane_change,0,400,ok,7.53462700729927,0.152052,88.579172,137,33250,1
aggressive,clay,lane_change,0,401,ok,7.545936496350364,0.157252,88.231083,137,33500,1
aggressive,clay,lane_change,0,402,ok,7.541810869565219,0.223646,88.424923,138,33750,1
aggressive,clay,lane_change,0,403,ok,7.547957746478873,0.173352,87.678126,142,34000,1
aggressive,clay,lane_change,0,404,ok,7.561132608695653,0.128245,87.857814,138,34250,1
aggressive,clay,lane_change,4,400,ok,7.5550661971830975,0.16363,87.255199,142,32500,1
aggressive,clay,lane_change,4,401,ok,7.540295683453238,0.164009,87.678879,139,32750,1
aggressive,clay,lane_change,4,402,ok,7.553672142857144,0.229031,87.766218,140,33000,1
aggressive,clay,lane_change,4,403,ok,7.543351181102362,0.132096,87.368095,127,33250,1
aggressive,clay,lane_change,4,404,ok,7.618217518248175,0.172906,87.728875,137,33500,1
aggressive,clay,lane_change,8,400,ok,7.280311188811188,0.199251,88.883818,143,33750,1
aggressive,clay,lane_change,8,401,ok,7.233874149659864,0.171346,89.619493,147,34000,1
aggressive,clay,lane_change,8,402,ok,7.253909090909091,0.150361,90.184426,143,34250,1
aggressive,clay,lane_change,8,403,ok,7.23856690140845,0.186409,89.637062,142,32500,1
aggressive,clay,lane_change,8,404,ok,7.230731818181818,0.192423,88.899527,132,32750,1
aggressive,clay,right_left,0,400,ok,6.228844983818771,5.771308,78.055413,309,33000,1
aggressive,clay,right_left,0,401,ok,6.234239931740615,5.93865,77.806894,293,33250,1
aggressive,clay,right_left,0,402,ok,6.077368813559322,6.512213,77.711273,295,33500,1
aggressive,clay,right_left,0,403,ok,6.244620890410959,5.843626,78.423306,292,33750,1
aggressive,clay,right_left,0,404,ok,6.141307667731629,6.072487,77.77488,313,34000,1
aggressive,clay,right_left,4,400,ok,6.010107284768212,6.195508,77.31279,302,34250,1
aggressive,clay,right_left,4,401,ok,6.139124115755627,6.067571,78.045949,311,32500,1
aggressive,clay,right_left,4,402,ok,6.154161073825503,6.200655,77.742662,298,32750,1
aggressive,clay,right_left,4,403,ok,6.079079016393442,5.943386,77.449361,305,33000,1
aggressive,clay,right_left,4,404,ok,6.060970491803278,6.232848,77.510769,305,33250,1
aggressive,clay,right_left,8,400,ok,6.172111660777385,5.521938,77.437454,283,33500,1
aggressive,clay,right_left,8,401,ok,6.169615492957746,5.748586,77.527451,284,33750,1
aggressive,clay,right_left,8,402,ok,5.918040625000001,4.811939,80.208805,320,34000,1
aggressive,clay,right_left,8,403,ok,6.217829963898917,5.448263,77.692734,277,34250,1
aggressive,clay,right_left,8,404,ok,6.146889700996678,5.2458,79.304637,301,32500,1
aggressive,clay,sinusoidal,0,400,ok,6.061642358078603,2.77149,159.357763,458,33500,1
aggressive,clay,sinusoidal,0,401,ok,5.993972222222222,2.74127,159.734151,468,33750,1
aggressive,clay,sinusoidal,0,402,ok,6.004490752688173,2.823413,159.421455,465,34000,1
aggressive,clay,sinusoidal,0,403,ok,6.071400932400933,2.868365,160.187035,429,34250,1
aggressive,clay,sinusoidal,0,404,ok,6.044548283261803,2.93038,159.633461,466,32500,1
aggressive,clay,sinusoidal,4,400,ok,6.1113615925058555,2.835067,159.992634,427,32750,1
aggressive,clay,sinusoidal,4,401,ok,6.015012958963283,2.574221,159.613123,463,33000,1
aggressive,clay,sinusoidal,4,402,ok,6.091691416309012,3.092927,159.543602,466,33250,1
aggressive,clay,sinusoidal,4,403,ok,6.170067328918322,2.827312,159.500115,453,33500,1
aggressive,clay,sinusoidal,4,404,ok,6.128283982683982,2.938799,159.678633,462,33750,1
aggressive,clay,sinusoidal,8,400,ok,5.999145533769063,3.398672,159.494435,459,34000,1
aggressive,clay,sinusoidal,8,401,ok,6.002840086206897,3.442313,160.03821,464,34250,1
aggressive,clay,sinusoidal,8,402,ok,5.945552192066806,3.099019,160.066432,479,32500,1
aggressive,clay,sinusoidal,8,403,ok,6.0025813953488365,3.558459,160.444143,473,32750,1
aggressive,clay,sinusoidal,8,404,ok,6.017260722347631,3.427189,160.290555,443,33000,1
aggressive,dirt,lane_change,0,400,ok,7.687908148148146,0.134364,81.566605,135,32500,1
aggressive,dirt,lane_change,0,401,ok,7.70961111111111,0.152961,81.328507,126,32750,1
aggressive,dirt,lane_change,0,402,ok,7.634697142857141,0.231263,80.890626,140,33000,1
aggressive,dirt,lane_change,0,403,ok,7.669552898550723,0.16049,81.604092,138,33250,1
aggressive,dirt,lane_change,0,404,ok,7.644252517985611,0.194891,81.887765,139,33500,1
aggressive,dirt,lane_change,4,400,ok,7.643056428571429,0.126442,82.27187,140,33750,1
aggressive,dirt,lane_change,4,401,ok,7.6369424460431645,0.164702,80.975812,139,34000,1
aggressive,dirt,lane_change,4,402,ok,7.57438951048951,0.225591,82.285498,143,34250,1
aggressive,dirt,lane_change,4,403,ok,7.611505797101449,0.138394,81.307618,138,32500,1
aggressive,dirt,lane_change,4,404,ok,7.646325735294118,0.185764,82.621327,136,32750,1
aggressive,dirt,lane_change,8,400,ok,7.2679728571428575,0.160023,84.167845,140,33000,1
aggressive,dirt,lane_change,8,401,ok,7.358423571428571,0.15843,83.4962,140,33250,1
aggressive,dirt,lane_change,8,402,ok,7.389051773049645,0.240542,84.02278,141,33500,1
aggressive,dirt,lane_change,8,403,ok,7.348201449275362,0.14197,83.819344,138,33750,1
aggressive,dirt,lane_change,8,404,ok,7.3239063829787225,0.229349,83.674912,141,34000,1
aggressive,dirt,right_left,0,400,ok,6.813362295081967,0.782066,74.847113,244,34250,1
aggressive,dirt,right_left,0,401,ok,4.798506133333333,0.34608,75.421978,375,32500,1
aggressive,dirt,right_left,0,402,ok,4.823977419354839,0.785752,74.883841,372,32750,1
aggressive,dirt,right_left,0,403,ok,6.473459057971015,0.955433,74.296052,276,33000,1
aggressive,dirt,right_left,0,404,ok,4.808326035502958,0.365687,75.137161,338,33250,1
aggressive,dirt,right_left,4,400,ok,5.3851760233918124,1.377368,74.791358,342,33500,1
aggressive,dirt,right_left,4,401,ok,5.223260766961651,0.461215,75.620071,339,33750,1
aggressive,dirt,right_left,4,402,ok,6.422842545454546,1.736028,74.573282,275,34000,1
aggressive,dirt,right_left,4,403,ok,6.4703371841155235,0.80216,74.513088,277,34250,1
aggressive,dirt,right_left,4,404,ok,4.7878384615384615,0.374606,75.175495,377,32500,1
aggressive,dirt,right_left,8,400,ok,6.544618587360595,0.935331,74.487032,269,32750,1
aggressive,dirt,right_left,8,401,ok,6.452316363636364,0.510329,74.088734,275,33000,1
aggressive,dirt,right_left,8,402,ok,6.576188,0.982736,74.494192,275,33250,1
aggressive,dirt,right_left,8,403,ok,6.564276512455517,0.807346,74.382768,281,33500,1
aggressive,dirt,right_left,8,404,ok,6.491955555555555,0.809922,74.220596,261,33750,1
aggressive,dirt,sinusoidal,0,400,ok,6.109203171247358,0.548149,155.199264,473,32750,1
aggressive,dirt,sinusoidal,0,401,ok,6.173897522522523,0.496636,155.62043,444,33000,1
aggressive,dirt,sinusoidal,0,402,ok,6.106295414847161,0.468074,154.947441,458,33250,1
aggressive,dirt,sinusoidal,0,403,ok,6.082664102564102,0.477156,155.050474,468,33500,1
aggressive,dirt,sinusoidal,0,404,ok,6.150911252653928,0.534275,155.597357,471,33750,1
aggressive,dirt,sinusoidal,4,400,ok,6.155013785557987,0.468724,155.070388,457,34000,1
aggressive,dirt,sinusoidal,4,401,ok,6.0724385744234795,0.445733,155.125058,477,34250,1
aggressive,dirt,sinusoidal,4,402,ok,6.046616452991453,0.459654,155.10312,468,32500,1
aggressive,dirt,sinusoidal,4,403,ok,6.104348085106383,0.400433,154.795466,470,32750,1
aggressive,dirt,sinusoidal,4,404,ok,6.041843133047211,0.412666,154.866767,466,33000,1
aggressive,dirt,sinusoidal,8,400,ok,6.08584330543933,0.541873,155.442379,478,33250,1
aggressive,dirt,sinusoidal,8,401,ok,6.166890376569039,0.582056,155.329175,478,33500,1
aggressive,dirt,sinusoidal,8,402,ok,6.156811538461539,0.585187,155.129237,468,33750,1
aggressive,dirt,sinusoidal,8,403,ok,6.1522295010846,0.602451,155.792862,461,34000,1
aggressive,dirt,sinusoidal,8,404,ok,6.001425560538117,0.505976,154.960783,446,34250,1
aggressive,sand,lane_change,0,400,ok,6.340359638554217,0.148897,82.097899,166,33750,1
aggressive,sand,lane_change,0,401,ok,6.323720481927711,0.1365,82.081499,166,34000,1
aggressive,sand,lane_change,0,402,ok,6.33504193548387,0.13821,82.245184,155,34250,1
aggressive,sand,lane_change,0,403,ok,6.416643046357616,0.169525,82.100558,151,32500,1
aggressive,sand,lane_change,0,404,ok,6.293031927710843,0.144216,82.088915,166,32750,1
aggressive,sand,lane_change,4,400,ok,6.303026666666668,0.153577,82.087638,165,33000,1
aggressive,sand,lane_change,4,401,ok,6.3708598802395215,0.161106,82.166808,167,33250,1
aggressive,sand,lane_change,4,402,ok,6.299172289156626,0.242772,82.229627,166,33500,1
aggressive,sand,lane_change,4,403,ok,6.321449693251533,0.178689,82.033578,163,33750,1
aggressive,sand,lane_change,4,404,ok,6.26899578313253,0.163458,82.106952,166,34000,1
aggressive,sand,lane_change,8,400,ok,6.104499425287355,0.162075,81.776023,174,34250,1
aggressive,sand,lane_change,8,401,ok,6.071152631578948,0.153686,81.714795,171,32500,1
aggressive,sand,lane_change,8,402,ok,6.1214572222222206,0.138023,81.710488,180,32750,1
aggressive,sand,lane_change,8,403,ok,6.048427108433735,0.174416,81.692844,166,33000,1
aggressive,sand,lane_change,8,404,ok,6.055695882352941,0.173883,81.420122,170,33250,1
aggressive,sand,right_left,0,400,ok,5.826865624999999,0.240276,75.440555,320,33500,1
aggressive,sand,right_left,0,401,ok,5.801410897435897,0.204409,75.45704,312,33750,1
aggressive,sand,right_left,0,402,ok,5.796909554140127,0.228368,74.9215,314,34000,1
aggressive,sand,right_left,0,403,ok,5.798527402135232,0.237228,75.333678,281,34250,1
aggressive,sand,right_left,0,404,ok,5.793344169611308,0.171854,75.090681,283,32500,1
aggressive,sand,right_left,4,400,ok,5.850325806451614,0.291194,75.652362,310,32750,1
aggressive,sand,right_left,4,401,ok,5.820812302839117,0.238232,75.134556,317,33000,1
aggressive,sand,right_left,4,402,ok,5.812475919732441,0.242368,75.122033,299,33250,1
aggressive,sand,right_left,4,403,ok,5.835239603960396,0.249778,75.469809,303,33500,1
aggressive,sand,right_left,4,404,ok,5.828238141025641,0.233234,75.23672,312,33750,1
aggressive,sand,right_left,8,400,ok,5.585433542319749,0.246067,74.805848,319,34000,1
aggressive,sand,right_left,8,401,ok,5.6124534810126585,0.256051,75.088472,316,34250,1
aggressive,sand,right_left,8,402,ok,5.630831441048036,0.192882,75.094782,458,32500,1
aggressive,sand,right_left,8,403,ok,5.579255194805194,0.278778,75.01332,462,32750,1
aggressive,sand,right_left,8,404,ok,5.61927385620915,0.193176,75.321006,459,33000,1
aggressive,sand,sinusoidal,0,400,ok,5.569978916827853,0.303567,155.955832,517,34000,1
aggressive,sand,sinusoidal,0,401,ok,5.566682995951417,0.301742,156.074066,494,34250,1
aggressive,sand,sinusoidal,0,402,ok,5.575679289940829,0.290174,155.944703,507,32500,1
aggressive,sand,sinusoidal,0,403,ok,5.568111067961165,0.243801,156.059033,515,32750,1
aggressive,sand,sinusoidal,0,404,ok,5.578042476190477,0.284366,156.144165,525,33000,1
aggressive,sand,sinusoidal,4,400,ok,5.5813731141199225,0.253605,155.917157,517,33250,1
aggressive,sand,sinusoidal,4,401,ok,5.569419427402863,0.30006,155.943725,489,33500,1
aggressive,sand,sinusoidal,4,402,ok,5.585384658040665,0.314039,155.985566,541,33750,1
aggressive,sand,sinusoidal,4,403,ok,5.575311175337187,0.275423,155.878548,519,34000,1
aggressive,sand,sinusoidal,4,404,ok,5.578174181117534,0.263363,156.000783,519,34250,1
aggressive,sand,sinusoidal,8,400,ok,5.411965094339623,0.305691,156.003598,530,32500,1
aggressive,sand,sinusoidal,8,401,ok,5.4043988505747125,0.299472,156.045018,522,32750,1
aggressive,sand,sinusoidal,8,402,ok,5.415275724637682,0.302795,155.981356,552,33000,1
aggressive,sand,sinusoidal,8,403,ok,5.409459203036053,0.265282,156.068484,527,33250,1
aggressive,sand,sinusoidal,8,404,ok,5.399545297504799,0.275446,156.108274,521,33500,1
conservative,clay,lane_change,0,400,ok,7.088075163398693,0.248162,88.312152,153,33500,1
conservative,clay,lane_change,0,401,ok,6.991665100671141,0.13309,86.766629,149,33750,1
conservative,clay,lane_change,0,402,ok,7.037034666666665,0.202137,87.068352,150,34000,1
conservative,clay,lane_change,0,403,ok,7.019320945945946,0.16555,83.634694,148,34250,1
conservative,clay,lane_change,0,404,ok,6.925514935064936,0.181058,85.580209,154,32500,1
conservative,clay,lane_change,4,400,ok,6.981873717948719,0.18409,86.564329,156,32750,1
conservative,clay,lane_change,4,401,ok,7.039810071942446,0.165674,87.42682,139,33000,1
conservative,clay,lane_change,4,402,ok,7.116555172413794,0.203847,85.244863,145,33250,1
conservative,clay,lane_change,4,403,ok,7.101782312925171,0.214352,85.507092,147,33500,1
conservative,clay,lane_change,4,404,ok,6.9804456953642395,0.205672,87.211711,151,33750,1
conservative,clay,lane_change,8,400,ok,6.861691772151899,0.188875,85.648577,158,34000,1
conservative,clay,lane_change,8,401,ok,6.905235664335665,0.153552,85.223164,143,34250,1
conservative,clay,lane_change,8,402,ok,6.8391230769230775,0.187853,85.089822,143,32500,1
conservative,clay,lane_change,8,403,ok,6.878677124183008,0.174285,83.243082,153,32750,1
conservative,clay,lane_change,8,404,ok,6.820568421052632,0.139435,85.164063,152,33000,1
conservative,clay,right_left,0,400,ok,5.947732131147541,0.211225,75.067124,305,33250,1
conservative,clay,right_left,0,401,ok,5.983044791666667,0.161378,75.323432,288,33500,1
conservative,clay,right_left,0,402,ok,5.878672459016394,0.191983,75.19302,305,33750,1
conservative,clay,right_left,0,403,ok,5.883313442622951,0.143995,75.227638,305,34000,1
conservative,clay,right_left,0,404,ok,6.042669655172413,0.1407,75.623684,290,34250,1
conservative,clay,right_left,4,400,ok,5.8388242214532875,0.193444,74.778805,289,32500,1
conservative,clay,right_left,4,401,ok,5.852821782178218,0.191563,74.692163,303,32750,1
conservative,clay,right_left,4,402,ok,5.785831724137931,0.183366,74.582318,290,33000,1
conservative,clay,right_left,4,403,ok,5.746805769230769,0.252725,74.549876,312,33250,1
conservative,clay,right_left,4,404,ok,5.78226178343949,0.194438,74.487943,314,33500,1
conservative,clay,right_left,8,400,ok,5.676298726114649,0.239358,74.359437,314,33750,1
conservative,clay,right_left,8,401,ok,5.741214376996805,0.379297,74.882992,313,34000,1
conservative,clay,right_left,8,402,ok,5.792032094594594,0.322388,74.553749,296,34250,1
conservative,clay,right_left,8,403,ok,5.771811111111112,0.304999,74.560532,315,32500,1
conservative,clay,right_left,8,404,ok,5.754765333333333,0.223182,74.712784,300,32750,1
conservative,clay,sinusoidal,0,400,ok,4.704796880131363,0.266471,155.228763,609,33750,1
conservative,clay,sinusoidal,0,401,ok,4.730661712439418,0.327706,155.076483,619,34000,1
conservative,clay,sinusoidal,0,402,ok,4.735876767676768,0.267762,154.810629,594,34250,1
conservative,clay,sinusoidal,0,403,ok,4.674212096774194,0.276744,152.791549,620,32500,1
conservative,clay,sinusoidal,0,404,ok,4.745225490196078,0.295629,155.199639,612,32750,1
conservative,clay,sinusoidal,4,400,ok,4.799508542713568,0.360118,155.047721,597,33000,1
conservative,clay,sinusoidal,4,401,ok,4.829777249575552,0.354203,155.612991,589,33250,1
conservative,clay,sinusoidal,4,402,ok,4.746332685512367,0.296659,153.958171,566,33500,1
conservative,clay,sinusoidal,4,403,ok,4.8176247457627115,0.277999,154.337858,590,33750,1
conservative,clay,sinusoidal,4,404,ok,4.852053898305085,0.340859,155.291444,590,34000,1
conservative,clay,sinusoidal,8,400,ok,4.860759005145798,0.508858,155.622746,583,34250,1
conservative,clay,sinusoidal,8,401,ok,4.844864310954063,0.475982,154.960504,566,32500,1
conservative,clay,sinusoidal,8,402,ok,4.761249333333334,0.506525,153.552574,600,32750,1
conservative,clay,sinusoidal,8,403,ok,4.664371567043619,0.439458,153.85138,619,33000,1
conservative,clay,sinusoidal,8,404,ok,4.898926405451448,0.608045,155.013656,587,33250,1
conservative,dirt,lane_change,0,400,ok,6.946125000000001,0.14057,82.693249,148,32750,1
conservative,dirt,lane_change,0,401,ok,6.860911564625851,0.145749,82.874631,147,33000,1
conservative,dirt,lane_change,0,402,ok,7.024539864864864,0.289786,83.077463,148,33250,1
conservative,dirt,lane_change,0,403,ok,6.976248000000001,0.149314,82.437755,150,33500,1
conservative,dirt,lane_change,0,404,ok,6.926615894039735,0.210246,82.718881,151,33750,1
conservative,dirt,lane_change,4,400,ok,6.972353191489361,0.173777,81.437522,141,34000,1
conservative,dirt,lane_change,4,401,ok,6.992390540540541,0.191659,82.25467,148,34250,1
conservative,dirt,lane_change,4,402,ok,6.880935761589405,0.231692,81.569339,151,32500,1
conservative,dirt,lane_change,4,403,ok,7.0758939189189185,0.264539,82.009831,148,32750,1
conservative,dirt,lane_change,4,404,ok,7.057070068027211,0.180069,83.174756,147,33000,1
conservative,dirt,lane_change,8,400,ok,6.989915483870967,0.191737,82.414688,155,33250,1
conservative,dirt,lane_change,8,401,ok,6.951692666666668,0.1703,80.735187,150,33500,1
conservative,dirt,lane_change,8,402,ok,6.975241258741258,0.216086,82.910065,143,33750,1
conservative,dirt,lane_change,8,403,ok,6.979933783783784,0.17166,82.151783,148,34000,1
conservative,dirt,lane_change,8,404,ok,6.938124324324324,0.185916,82.127698,148,34250,1
conservative,dirt,right_left,0,400,ok,5.545071947194718,0.16943,75.007294,303,32500,1
conservative,dirt,right_left,0,401,ok,5.613361716171617,0.146699,74.846651,303,32750,1
conservative,dirt,right_left,0,402,ok,5.573688719512195,0.160129,74.831014,328,33000,1
conservative,dirt,right_left,0,403,ok,5.574716293929712,0.161483,74.788583,313,33250,1
conservative,dirt,right_left,0,404,ok,5.5403251533742335,0.150703,74.865431,326,33500,1
conservative,dirt,right_left,4,400,ok,5.446583850931677,0.175197,75.067374,322,33750,1
conservative,dirt,right_left,4,401,ok,5.657877917981073,0.156417,74.802953,317,34000,1
conservative,dirt,right_left,4,402,ok,5.605527384615384,0.160724,74.942453,325,34250,1
conservative,dirt,right_left,4,403,ok,5.399676687116565,0.170141,74.980029,326,32500,1
conservative,dirt,right_left,4,404,ok,5.4096684684684675,0.149394,75.065724,333,32750,1
conservative,dirt,right_left,8,400,ok,5.506081469648563,0.22568,74.606365,313,33000,1
conservative,dirt,right_left,8,401,ok,5.4406680981595095,0.189972,74.620751,326,33250,1
conservative,dirt,right_left,8,402,ok,5.763105614035087,0.176595,74.471409,285,33500,1
conservative,dirt,right_left,8,403,ok,5.521756112852665,0.180595,74.834407,319,33750,1
conservative,dirt,right_left,8,404,ok,5.5519295597484275,0.187329,74.876938,318,34000,1
conservative,dirt,sinusoidal,0,400,ok,4.837765092748735,0.270503,154.671303,593,33000,1
conservative,dirt,sinusoidal,0,401,ok,4.811988538205981,0.285943,154.763737,602,33250,1
conservative,dirt,sinusoidal,0,402,ok,4.81036,0.262549,154.876885,590,33500,1
conservative,dirt,sinusoidal,0,403,ok,4.78075026737968,0.257415,154.664027,561,33750,1
conservative,dirt,sinusoidal,0,404,ok,4.7979129353233825,0.280126,154.810435,603,34000,1
conservative,dirt,sinusoidal,4,400,ok,4.76561661237785,0.265,154.614024,614,34250,1
conservative,dirt,sinusoidal,4,401,ok,4.7043722614840995,0.254489,154.851148,566,32500,1
conservative,dirt,sinusoidal,4,402,ok,4.803905699481866,0.256946,154.932823,579,32750,1
conservative,dirt,sinusoidal,4,403,ok,4.831264656616416,0.251721,154.803481,597,33000,1
conservative,dirt,sinusoidal,4,404,ok,4.748469630872483,0.270297,154.147636,596,33250,1
conservative,dirt,sinusoidal,8,400,ok,4.737468369028006,0.269495,154.424338,607,33500,1
conservative,dirt,sinusoidal,8,401,ok,4.666515841584158,0.296329,154.756775,606,33750,1
conservative,dirt,sinusoidal,8,402,ok,4.71409816360601,0.287355,154.355782,599,34000,1
conservative,dirt,sinusoidal,8,403,ok,4.809295190713101,0.276506,154.244233,603,34250,1
conservative,dirt,sinusoidal,8,404,ok,4.758931006493507,0.25258,154.580472,616,32500,1
conservative,sand,lane_change,0,400,ok,5.992002234636871,0.170164,80.812596,179,34000,1
conservative,sand,lane_change,0,401,ok,5.981131213872832,0.128183,80.796702,173,34250,1
conservative,sand,lane_change,0,402,ok,6.002568674698796,0.190781,80.569965,166,32500,1
conservative,sand,lane_change,0,403,ok,5.994003636363637,0.169763,80.609691,165,32750,1
conservative,sand,lane_change,0,404,ok,5.969225000000001,0.180906,80.381413,180,33000,1
conservative,sand,lane_change,4,400,ok,5.9467224852071,0.150416,80.379652,169,33250,1
conservative,sand,lane_change,4,401,ok,5.952873333333334,0.126749,80.432409,180,33500,1
conservative,sand,lane_change,4,402,ok,5.951500571428571,0.193371,80.696125,175,33750,1
conservative,sand,lane_change,4,403,ok,5.963264000000001,0.140651,80.942126,175,34000,1
conservative,sand,lane_change,4,404,ok,5.978366477272728,0.157488,80.548159,176,34250,1
conservative,sand,lane_change,8,400,ok,5.8233628571428575,0.197365,80.621215,175,32500,1
conservative,sand,lane_change,8,401,ok,5.791342541436465,0.163288,80.011587,181,32750,1
conservative,sand,lane_change,8,402,ok,5.749561452513966,0.200148,80.043445,179,33000,1
conservative,sand,lane_change,8,403,ok,5.820044571428571,0.149867,80.660839,175,33250,1
conservative,sand,lane_change,8,404,ok,5.798125,0.138337,80.124595,180,33500,1
conservative,sand,right_left,0,400,ok,5.354874709302326,0.18418,74.34966,344,33750,1
conservative,sand,right_left,0,401,ok,5.397681230769231,0.167212,74.540543,325,34000,1
conservative,sand,right_left,0,402,ok,5.33176091954023,0.137318,74.501921,348,34250,1
conservative,sand,right_left,0,403,ok,5.287344578313253,0.165019,74.365032,332,32500,1
conservative,sand,right_left,0,404,ok,5.396434218289086,0.163193,74.544441,339,32750,1
conservative,sand,right_left,4,400,ok,5.423980685358256,0.170034,74.83516,321,33000,1
conservative,sand,right_left,4,401,ok,5.382663322884013,0.171577,74.675156,319,33250,1
conservative,sand,right_left,4,402,ok,5.403152542372881,0.160428,74.526639,295,33500,1
conservative,sand,right_left,4,403,ok,5.406418769230769,0.153632,74.48135,325,33750,1
conservative,sand,right_left,4,404,ok,5.449626506024096,0.175138,74.548588,332,34000,1
conservative,sand,right_left,8,400,ok,5.2100288819875775,0.180556,74.285317,322,34250,1
conservative,sand,right_left,8,401,ok,5.242214887640449,0.175852,74.343347,356,32500,1
conservative,sand,right_left,8,402,ok,5.306868656716418,0.180469,74.542029,335,32750,1
conservative,sand,right_left,8,403,ok,5.37011021021021,0.153218,74.677733,333,33000,1
conservative,sand,right_left,8,404,ok,5.187091666666666,0.178805,74.425517,336,33250,1
conservative,sand,sinusoidal,0,400,ok,4.840542068965517,0.326938,154.677757,580,34250,1
conservative,sand,sinusoidal,0,401,ok,4.799668527918781,0.295639,154.406645,591,32500,1
conservative,sand,sinusoidal,0,402,ok,4.7328438625204585,0.271682,152.725519,611,32750,1
conservative,sand,sinusoidal,0,403,ok,4.674516343042071,0.304141,154.539871,618,33000,1
conservative,sand,sinusoidal,0,404,ok,4.7159077943615255,0.336466,152.538485,603,33250,1
conservative,sand,sinusoidal,4,400,ok,4.754628787878787,0.307967,154.512734,594,33500,1
conservative,sand,sinusoidal,4,401,ok,4.7318896666666665,0.311192,153.59276,600,33750,1
conservative,sand,sinusoidal,4,402,ok,4.732206482982171,0.294116,154.38855,617,34000,1
conservative,sand,sinusoidal,4,403,ok,4.735654385964912,0.28744,154.314038,570,34250,1
conservative,sand,sinusoidal,4,404,ok,4.773584955752212,0.326407,154.466588,565,32500,1
conservative,sand,sinusoidal,8,400,ok,4.7611333333333326,0.30891,154.643444,624,32750,1
conservative,sand,sinusoidal,8,401,ok,4.707586245954692,0.295192,154.220483,618,33000,1
conservative,sand,sinusoidal,8,402,ok,4.774140341880342,0.319166,154.52583,585,33250,1
conservative,sand,sinusoidal,8,403,ok,4.724756045751635,0.302354,154.607834,612,33500,1
conservative,sand,sinusoidal,8,404,ok,4.669709902597402,0.302158,153.93936,616,33750,1
grit,clay,lane_change,0,400,ok,7.308249275362319,0.149135,84.951205,138,33750,1
grit,clay,lane_change,0,401,ok,7.221294520547945,0.131783,84.456136,146,34000,1
grit,clay,lane_change,0,402,ok,7.334363235294117,0.201528,85.13034,136,34250,1
grit,clay,lane_change,0,403,ok,7.277756521739131,0.170988,85.191259,138,32500,1
grit,clay,lane_change,0,404,ok,7.330929197080291,0.128399,85.110104,137,32750,1
grit,clay,lane_change,4,400,ok,7.213743884892085,0.157911,84.324858,139,33000,1
grit,clay,lane_change,4,401,ok,7.205602142857143,0.135818,84.111233,140,33250,1
grit,clay,lane_change,4,402,ok,7.203251388888889,0.186789,84.307654,144,33500,1
grit,clay,lane_change,4,403,ok,7.2283230215827325,0.146782,89.254711,139,33750,1
grit,clay,lane_change,4,404,ok,7.201302272727272,0.132274,84.319926,132,34000,1
grit,clay,lane_change,8,400,ok,6.931768421052631,0.207538,84.626996,152,34250,1
grit,clay,lane_change,8,401,ok,6.9271283687943255,0.147979,84.583266,141,32500,1
grit,clay,lane_change,8,402,ok,6.917526315789473,0.205491,86.051921,152,32750,1
grit,clay,lane_change,8,403,ok,6.905304137931035,0.167018,85.05582,145,33000,1
grit,clay,lane_change,8,404,ok,6.903431756756757,0.15105,84.34967,148,33250,1
grit,clay,right_left,0,400,ok,6.0393842465753425,0.233436,75.02685,292,33500,1
grit,clay,right_left,0,401,ok,6.393320152091254,0.177102,77.059596,263,33750,1
grit,clay,right_left,0,402,ok,6.2473269230769235,0.15013,76.239958,260,34000,1
grit,clay,right_left,0,403,ok,6.363512592592592,0.30189,76.79526,270,34250,1
grit,clay,right_left,0,404,ok,6.246992452830189,0.133569,76.327558,265,32500,1
grit,clay,right_left,4,400,ok,6.32427723880597,0.295399,76.705921,268,32750,1
grit,clay,right_left,4,401,ok,6.257914074074075,0.370848,76.142763,270,33000,1
grit,clay,right_left,4,402,ok,6.192886080586081,0.238345,75.588853,273,33250,1
grit,clay,right_left,4,403,ok,6.303452434456929,0.221126,76.111877,267,33500,1
grit,clay,right_left,4,404,ok,6.119158303886926,0.136245,75.424057,283,33750,1
grit,clay,right_left,8,400,ok,5.590397241379311,0.646378,75.776137,290,34000,1
grit,clay,right_left,8,401,ok,5.730321180555555,0.798689,76.549605,288,34250,1
grit,clay,right_left,8,402,ok,5.782960283687943,0.263006,77.244726,282,32500,1
grit,clay,right_left,8,403,ok,5.715646644295302,0.630735,76.524973,298,32750,1
grit,clay,right_left,8,404,ok,5.794444322344322,0.442627,77.216114,273,33000,1
grit,clay,sinusoidal,0,400,ok,5.039038533834587,0.847339,156.20329,532,34000,1
grit,clay,sinusoidal,0,401,ok,5.0607022988505745,0.716698,155.874647,522,34250,1
grit,clay,sinusoidal,0,402,ok,5.0091158203125,0.652142,155.857449,512,32500,1
grit,clay,sinusoidal,0,403,ok,5.060848872180451,0.812133,155.926829,532,32750,1
grit,clay,sinusoidal,0,404,ok,4.973708193668529,0.499426,156.066119,537,33000,1
grit,clay,sinusoidal,4,400,ok,5.056901145038168,0.46533,156.615679,524,33250,1
grit,clay,sinusoidal,4,401,ok,5.017346341463415,0.498264,156.315537,533,33500,1
grit,clay,sinusoidal,4,402,ok,5.038515543071161,0.57612,156.214835,534,33750,1
grit,clay,sinusoidal,4,403,ok,5.047766905187836,0.567372,156.269812,559,34000,1
grit,clay,sinusoidal,4,404,ok,5.112924716981132,0.675765,156.531555,530,34250,1
grit,clay,sinusoidal,8,400,ok,4.394862237762238,0.324826,154.533487,572,32500,1
grit,clay,sinusoidal,8,401,ok,4.39765415282392,0.322614,153.569745,602,32750,1
grit,clay,sinusoidal,8,402,ok,4.463951591289782,0.354114,152.738367,597,33000,1
grit,clay,sinusoidal,8,403,ok,4.38830368,0.271295,153.930422,625,33250,1
grit,clay,sinusoidal,8,404,ok,4.462530477759473,0.30207,154.999004,607,33500,1
grit,dirt,lane_change,0,400,ok,7.303743356643357,0.14421,83.654694,143,33000,1
grit,dirt,lane_change,0,401,ok,7.322694244604316,0.131606,81.505614,139,33250,1
grit,dirt,lane_change,0,402,ok,7.329128467153285,0.206558,81.273781,137,33500,1
grit,dirt,lane_change,0,403,ok,7.382295000000001,0.179065,81.178844,140,33750,1
grit,dirt,lane_change,0,404,ok,7.296179136690647,0.162528,83.005231,139,34000,1
grit,dirt,lane_change,4,400,ok,7.331162589928057,0.167521,81.054483,139,34250,1
grit,dirt,lane_change,4,401,ok,7.323135507246376,0.147832,81.05593,138,32500,1
grit,dirt,lane_change,4,402,ok,7.3494514925373124,0.198724,83.553007,134,32750,1
grit,dirt,lane_change,4,403,ok,7.330038970588236,0.146004,81.627911,136,33000,1
grit,dirt,lane_change,4,404,ok,7.319489051094891,0.1585,81.320249,137,33250,1
grit,dirt,lane_change,8,400,ok,7.029012408759124,0.150845,80.799938,137,33500,1
grit,dirt,lane_change,8,401,ok,7.039054615384615,0.158142,80.890657,130,33750,1
grit,dirt,lane_change,8,402,ok,7.099396296296296,0.235071,81.034567,135,34000,1
grit,dirt,lane_change,8,403,ok,7.069980985915493,0.253317,81.479503,142,34250,1
grit,dirt,lane_change,8,404,ok,7.083646969696971,0.143775,81.641009,132,32500,1
grit,dirt,right_left,0,400,ok,4.655330503978779,0.192353,75.12172,377,32750,1
grit,dirt,right_left,0,401,ok,4.586397668393783,0.150135,75.219114,386,33000,1
grit,dirt,right_left,0,402,ok,4.707613764044944,0.179906,75.150901,356,33250,1
grit,dirt,right_left,0,403,ok,4.703341176470588,0.158941,75.110616,374,33500,1
grit,dirt,right_left,0,404,ok,4.582859416445624,0.183193,74.906358,377,33750,1
grit,dirt,right_left,4,400,ok,4.722807692307692,0.215153,75.189657,364,34000,1
grit,dirt,right_left,4,401,ok,4.747412044817927,0.154139,74.796533,357,34250,1
grit,dirt,right_left,4,402,ok,4.57354094488189,0.174032,75.140934,381,32500,1
grit,dirt,right_left,4,403,ok,4.565406332453826,0.172937,75.218213,379,32750,1
grit,dirt,right_left,4,404,ok,4.817869578313253,0.219096,74.919775,332,33000,1
grit,dirt,right_left,8,400,ok,5.673378175895766,0.201565,74.712101,307,33250,1
grit,dirt,right_left,8,401,ok,5.6517891525423725,0.187767,74.635734,295,33500,1
grit,dirt,right_left,8,402,ok,5.635271009771987,0.200992,74.62556,307,33750,1
grit,dirt,right_left,8,403,ok,5.865304436860068,0.191978,74.760056,293,34000,1
grit,dirt,right_left,8,404,ok,5.363340880503146,0.180022,74.638643,318,34250,1
grit,dirt,sinusoidal,0,400,ok,5.521076470588235,0.255066,155.52293,493,33250,1
grit,dirt,sinusoidal,0,401,ok,5.613442013129102,0.28579,155.565076,457,33500,1
grit,dirt,sinusoidal,0,402,ok,5.661685836909871,0.34292,155.432063,466,33750,1
grit,dirt,sinusoidal,0,403,ok,5.562226666666667,0.233112,154.814459,495,34000,1
grit,dirt,sinusoidal,0,404,ok,5.673536842105263,0.347051,155.949105,494,34250,1
grit,dirt,sinusoidal,4,400,ok,5.667603781512605,0.276409,156.287012,476,32500,1
grit,dirt,sinusoidal,4,401,ok,5.736365199161424,0.262626,155.248043,477,32750,1
grit,dirt,sinusoidal,4,402,ok,5.56264033970276,0.231576,155.797558,471,33000,1
grit,dirt,sinusoidal,4,403,ok,5.568459623430963,0.218249,155.675972,478,33250,1
grit,dirt,sinusoidal,4,404,ok,5.505621666666667,0.295425,155.800859,480,33500,1
grit,dirt,sinusoidal,8,400,ok,4.824200886524823,0.267232,155.81277,564,33750,1
grit,dirt,sinusoidal,8,401,ok,4.830698741007195,0.285275,155.571347,556,34000,1
grit,dirt,sinusoidal,8,402,ok,5.015814928057554,0.271337,155.688364,556,34250,1
grit,dirt,sinusoidal,8,403,ok,5.049781851851852,0.284383,155.480475,540,32500,1
grit,dirt,sinusoidal,8,404,ok,4.990530018416207,0.279582,155.56981,543,32750,1
grit,sand,lane_change,0,400,ok,6.099577844311377,0.149488,80.81949,167,34250,1
grit,sand,lane_change,0,401,ok,6.154554362416108,0.12645,81.543921,149,32500,1
grit,sand,lane_change,0,402,ok,6.129493865030675,0.189038,81.600448,163,32750,1
grit,sand,lane_change,0,403,ok,6.1518155688622755,0.168953,81.444466,167,33000,1
grit,sand,lane_change,0,404,ok,6.034851176470588,0.133026,81.894926,170,33250,1
grit,sand,lane_change,4,400,ok,6.076285294117647,0.15094,81.131051,170,33500,1
grit,sand,lane_change,4,401,ok,6.049540588235293,0.128131,81.715264,170,33750,1
grit,sand,lane_change,4,402,ok,6.051023668639053,0.191657,81.308522,169,34000,1
grit,sand,lane_change,4,403,ok,6.025316766467067,0.157938,81.8026,167,34250,1
grit,sand,lane_change,4,404,ok,6.008322085889571,0.127604,81.215332,163,32500,1
grit,sand,lane_change,8,400,ok,5.856857988165681,0.178756,80.533731,169,32750,1
grit,sand,lane_change,8,401,ok,5.857843113772455,0.134943,80.274646,167,33000,1
grit,sand,lane_change,8,402,ok,5.758469642857143,0.200601,80.71578,168,33250,1
grit,sand,lane_change,8,403,ok,5.825075903614458,0.17326,80.474287,166,33500,1
grit,sand,lane_change,8,404,ok,5.79733870967742,0.191586,80.702329,155,33750,1
grit,sand,right_left,0,400,ok,5.783124113475177,0.181317,75.276777,282,34000,1
grit,sand,right_left,0,401,ok,5.79333,0.160121,75.047376,290,34250,1
grit,sand,right_left,0,402,ok,5.798818983050847,0.160266,75.14092,295,32500,1
grit,sand,right_left,0,403,ok,5.777944366197183,0.14984,75.529741,284,32750,1
grit,sand,right_left,0,404,ok,5.769278091872791,0.247788,75.067235,283,33000,1
grit,sand,right_left,4,400,ok,5.800544791666667,0.182473,74.978755,288,33250,1
grit,sand,right_left,4,401,ok,5.811489772727273,0.138494,74.979048,264,33500,1
grit,sand,right_left,4,402,ok,5.796671777003485,0.161454,75.004076,287,33750,1
grit,sand,right_left,4,403,ok,5.827694863013698,0.193015,75.618321,292,34000,1
grit,sand,right_left,4,404,ok,5.799226804123712,0.216685,75.080566,291,34250,1
grit,sand,right_left,8,400,ok,5.42951554054054,0.218068,74.481132,296,32500,1
grit,sand,right_left,8,401,ok,5.497529109589041,0.253545,74.636226,292,32750,1
grit,sand,right_left,8,402,ok,5.463183802816901,0.155313,74.368383,284,33000,1
grit,sand,right_left,8,403,ok,5.502175244299675,0.183809,74.807136,307,33250,1
grit,sand,right_left,8,404,ok,5.459339935064936,0.222804,74.537306,308,33500,1
grit,sand,sinusoidal,0,400,ok,5.444796732026144,0.320752,156.030432,459,32500,1
grit,sand,sinusoidal,0,401,ok,5.5294699152542375,0.298742,156.078651,472,32750,1
grit,sand,sinusoidal,0,402,ok,5.5128860784313725,0.288254,156.062888,510,33000,1
grit,sand,sinusoidal,0,403,ok,5.436746435845214,0.327217,156.055032,491,33250,1
grit,sand,sinusoidal,0,404,ok,5.544147379454927,0.318143,156.068994,477,33500,1
grit,sand,sinusoidal,4,400,ok,5.540382696177063,0.268104,156.000388,497,33750,1
grit,sand,sinusoidal,4,401,ok,5.537004174950297,0.273121,155.955113,503,34000,1
grit,sand,sinusoidal,4,402,ok,5.510025510204082,0.288619,156.060028,490,34250,1
grit,sand,sinusoidal,4,403,ok,5.447664718162839,0.208057,156.130285,479,32500,1
grit,sand,sinusoidal,4,404,ok,5.509172141372141,0.239428,155.925355,481,32750,1
grit,sand,sinusoidal,8,400,ok,4.794226618705037,0.288725,156.027625,556,33000,1
grit,sand,sinusoidal,8,401,ok,5.001400750469044,0.287192,155.978974,533,33250,1
grit,sand,sinusoidal,8,402,ok,4.89294010989011,0.290527,156.08331,546,33500,1
grit,sand,sinusoidal,8,403,ok,4.7918460405156535,0.271523,156.057106,543,33750,1
grit,sand,sinusoidal,8,404,ok,4.989413773584905,0.251447,156.009912,530,34000,1
oracle,clay,lane_change,0,400,ok,7.008392567567567,0.169022,84.875417,148,34000,1
oracle,clay,lane_change,0,401,ok,7.018628378378379,0.128261,85.907847,148,34250,1
oracle,clay,lane_change,0,402,ok,7.007872602739725,0.198433,87.199287,146,32500,1
oracle,clay,lane_change,0,403,ok,7.101143055555555,0.212634,87.592988,144,32750,1
oracle,clay,lane_change,0,404,ok,6.970645578231292,0.135869,85.254922,147,33000,1
oracle,clay,lane_change,4,400,ok,7.078821276595744,0.203084,87.13647,141,33250,1
oracle,clay,lane_change,4,401,ok,7.030819078947369,0.18089,87.879037,152,33500,1
oracle,clay,lane_change,4,402,ok,6.948471333333332,0.190523,84.717119,150,33750,1
oracle,clay,lane_change,4,403,ok,6.995696621621621,0.159571,84.3892,148,34000,1
oracle,clay,lane_change,4,404,ok,7.045131168831169,0.225382,82.693447,154,34250,1
oracle,clay,lane_change,8,400,ok,6.871961392405064,0.194881,85.105802,158,32500,1
oracle,clay,lane_change,8,401,ok,6.868177848101266,0.139666,84.792984,158,32750,1
oracle,clay,lane_change,8,402,ok,6.820188811188811,0.203966,86.168179,143,33000,1
oracle,clay,lane_change,8,403,ok,6.8785335443037985,0.14905,85.536516,158,33250,1
oracle,clay,lane_change,8,404,ok,6.807870063694268,0.159805,85.662577,157,33500,1
oracle,clay,right_left,0,400,ok,5.826190506329114,0.189672,74.871427,316,33750,1
oracle,clay,right_left,0,401,ok,5.855287616099071,0.198881,74.981685,323,34000,1
oracle,clay,right_left,0,402,ok,5.959377124183006,0.147307,75.220327,306,34250,1
oracle,clay,right_left,0,403,ok,5.904732155477031,0.158613,75.155284,283,32500,1
oracle,clay,right_left,0,404,ok,5.892353289473684,0.157766,75.053657,304,32750,1
oracle,clay,right_left,4,400,ok,5.756299675324676,0.255919,74.485434,308,33000,1
oracle,clay,right_left,4,401,ok,5.886840136054421,0.190258,74.883107,294,33250,1
oracle,clay,right_left,4,402,ok,5.917428145695364,0.219705,75.340169,302,33500,1
oracle,clay,right_left,4,403,ok,5.811180769230769,0.195501,74.642008,312,33750,1
oracle,clay,right_left,4,404,ok,5.852270764119601,0.175522,74.856818,301,34000,1
oracle,clay,right_left,8,400,ok,5.7544198051948054,0.381572,74.382502,308,34250,1
oracle,clay,right_left,8,401,ok,5.702132450331125,0.23872,74.371716,302,32500,1
oracle,clay,right_left,8,402,ok,5.7258019354838705,0.205348,74.438104,310,32750,1
oracle,clay,right_left,8,403,ok,5.8316304794520555,0.306732,74.805838,292,33000,1
oracle,clay,right_left,8,404,ok,5.759166666666667,0.303851,74.459253,318,33250,1
oracle,clay,sinusoidal,0,400,ok,4.755163048498845,0.271278,155.631482,866,32500,1
oracle,clay,sinusoidal,0,401,ok,4.718815728476821,0.328833,155.17375,604,32500,1
oracle,clay,sinusoidal,0,402,ok,4.841074787052811,0.424841,154.392085,587,32750,1
oracle,clay,sinusoidal,0,403,ok,4.800862086092715,0.319061,154.71707,604,33000,1
oracle,clay,sinusoidal,0,404,ok,4.7691981697171375,0.396702,155.254731,601,33250,1
oracle,clay,sinusoidal,4,400,ok,4.7683329824561405,0.332113,154.110137,570,33500,1
oracle,clay,sinusoidal,4,401,ok,4.733871926910299,0.313308,154.44048,602,33750,1
oracle,clay,sinusoidal,4,402,ok,4.8089635593220335,0.296947,155.775492,590,34000,1
oracle,clay,sinusoidal,4,403,ok,4.811174702886248,0.278731,154.934437,589,34250,1
oracle,clay,sinusoidal,4,404,ok,4.810598813559323,0.276602,154.968154,590,32500,1
oracle,clay,sinusoidal,8,400,ok,4.744187580645161,0.540831,154.983695,620,32750,1
oracle,clay,sinusoidal,8,401,ok,4.7753621035058424,0.437532,155.007202,599,33000,1
oracle,clay,sinusoidal,8,402,ok,4.7294795041322315,0.430838,152.89849,605,33250,1
oracle,clay,sinusoidal,8,403,ok,4.78610197693575,0.487544,154.211186,607,33500,1
oracle,clay,sinusoidal,8,404,ok,4.712809893992932,0.46372,154.960785,566,33750,1
oracle,dirt,lane_change,0,400,ok,7.573793525179856,0.174426,82.061506,139,33250,1
oracle,dirt,lane_change,0,401,ok,7.514116666666667,0.144121,81.819085,138,33500,1
oracle,dirt,lane_change,0,402,ok,7.4508445255474465,0.234447,82.399232,137,33750,1
oracle,dirt,lane_change,0,403,ok,7.5119605839416055,0.14431,82.089416,137,34000,1
oracle,dirt,lane_change,0,404,ok,7.456222900763358,0.172336,81.946852,131,34250,1
oracle,dirt,lane_change,4,400,ok,7.561220714285714,0.159163,81.837856,140,32500,1
oracle,dirt,lane_change,4,401,ok,7.500006206896551,0.170513,82.177483,145,32750,1
oracle,dirt,lane_change,4,402,ok,7.48978273381295,0.243972,82.144248,139,33000,1
oracle,dirt,lane_change,4,403,ok,7.47495,0.184104,82.13029,142,33250,1
oracle,dirt,lane_change,4,404,ok,7.4992514084507045,0.166949,81.823508,142,33500,1
oracle,dirt,lane_change,8,400,ok,7.2900889705882355,0.207459,83.06079,136,33750,1
oracle,dirt,lane_change,8,401,ok,7.2630914893617025,0.159544,82.980588,141,34000,1
oracle,dirt,lane_change,8,402,ok,7.26614861111111,0.228069,83.090603,144,34250,1
oracle,dirt,lane_change,8,403,ok,7.270252083333334,0.186807,82.798834,144,32500,1
oracle,dirt,lane_change,8,404,ok,7.267719727891157,0.197441,82.818453,147,32750,1
oracle,dirt,right_left,0,400,ok,4.773680913978495,0.212909,74.787562,372,33000,1
oracle,dirt,right_left,0,401,ok,6.525810852713178,0.239194,74.194909,258,33250,1
oracle,dirt,right_left,0,402,ok,6.672949442379182,0.2521,74.487703,269,33500,1
oracle,dirt,right_left,0,403,ok,6.190257439446366,0.354017,74.612033,289,33750,1
oracle,dirt,right_left,0,404,ok,4.6388216931216935,0.22787,75.038153,378,34000,1
oracle,dirt,right_left,4,400,ok,4.838511764705882,0.206634,74.872919,374,34250,1
oracle,dirt,right_left,4,401,ok,6.493458214285714,0.284539,74.300203,280,32500,1
oracle,dirt,right_left,4,402,ok,4.720019327731092,0.302736,75.101462,357,32750,1
oracle,dirt,right_left,4,403,ok,4.756555172413793,0.313662,74.94464,377,33000,1
oracle,dirt,right_left,4,404,ok,4.633077720207254,0.228232,75.103094,386,33250,1
oracle,dirt,right_left,8,400,ok,6.159044444444444,0.255439,74.394421,297,33500,1
oracle,dirt,right_left,8,401,ok,6.212209154929577,0.328705,74.213999,284,33750,1
oracle,dirt,right_left,8,402,ok,6.231601384083045,0.343451,74.347618,289,34000,1
oracle,dirt,right_left,8,403,ok,6.180890357142856,0.295795,74.478712,280,34250,1
oracle,dirt,right_left,8,404,ok,6.017594648829432,0.301375,74.47757,299,32500,1
oracle,dirt,sinusoidal,0,400,ok,5.792358677685949,0.252627,155.32754,484,33500,1
oracle,dirt,sinusoidal,0,401,ok,5.805921900826447,0.257877,155.747664,484,33750,1
oracle,dirt,sinusoidal,0,402,ok,5.827792292089249,0.296143,155.408445,493,34000,1
oracle,dirt,sinusoidal,0,403,ok,5.763530353430354,0.288982,155.481189,481,34250,1
oracle,dirt,sinusoidal,0,404,ok,5.8981522916666655,0.366124,154.967117,480,32500,1
oracle,dirt,sinusoidal,4,400,ok,5.852073913043478,0.306767,155.006026,483,32750,1
oracle,dirt,sinusoidal,4,401,ok,5.819483567134269,0.257259,155.265018,499,33000,1
oracle,dirt,sinusoidal,4,402,ok,5.912685507246377,0.301216,155.627456,483,33250,1
oracle,dirt,sinusoidal,4,403,ok,5.866028205128205,0.282268,155.51402,468,33500,1
oracle,dirt,sinusoidal,4,404,ok,5.781750590551181,0.273181,155.031108,508,33750,1
oracle,dirt,sinusoidal,8,400,ok,5.837898958333333,0.357241,155.563724,480,34000,1
oracle,dirt,sinusoidal,8,401,ok,5.815037678207739,0.389943,155.167613,491,34250,1
oracle,dirt,sinusoidal,8,402,ok,5.872871991701245,0.345375,155.24786,482,32500,1
oracle,dirt,sinusoidal,8,403,ok,5.837179141104294,0.356032,155.433966,489,32750,1
oracle,dirt,sinusoidal,8,404,ok,5.833047731755424,0.426488,155.472682,507,33000,1
oracle,sand,lane_change,0,400,ok,6.348716666666666,0.160094,82.069987,162,32500,1
oracle,sand,lane_change,0,401,ok,6.376031818181818,0.164436,82.054392,154,32750,1
oracle,sand,lane_change,0,402,ok,6.33117098765432,0.226757,82.172407,162,33000,1
oracle,sand,lane_change,0,403,ok,6.298129268292682,0.176249,81.938191,164,33250,1
oracle,sand,lane_change,0,404,ok,6.270730538922155,0.176949,82.135641,167,33500,1
oracle,sand,lane_change,4,400,ok,6.341860606060606,0.151154,82.190227,165,33750,1
oracle,sand,lane_change,4,401,ok,6.3268218934911244,0.166639,82.112622,169,34000,1
oracle,sand,lane_change,4,402,ok,6.334202424242424,0.231785,82.071982,165,34250,1
oracle,sand,lane_change,4,403,ok,6.312637790697674,0.185554,82.063268,172,32500,1
oracle,sand,lane_change,4,404,ok,6.297087898089171,0.124785,82.179826,157,32750,1
oracle,sand,lane_change,8,400,ok,6.072707777777778,0.168228,81.703088,180,33000,1
oracle,sand,lane_change,8,401,ok,6.063977777777778,0.172048,81.698093,171,33250,1
oracle,sand,lane_change,8,402,ok,6.069891860465117,0.213991,81.59684,172,33500,1
oracle,sand,lane_change,8,403,ok,6.111526315789473,0.167569,81.688098,171,33750,1
oracle,sand,lane_change,8,404,ok,6.00772558139535,0.168753,81.392192,172,34000,1
oracle,sand,right_left,0,400,ok,5.807384868421052,0.237712,75.402755,304,34250,1
oracle,sand,right_left,0,401,ok,5.790816774193549,0.232617,75.417365,310,32500,1
oracle,sand,right_left,0,402,ok,5.78144696485623,0.214379,74.881384,313,32750,1
oracle,sand,right_left,0,403,ok,5.805265798045603,0.268034,75.277003,307,33000,1
oracle,sand,right_left,0,404,ok,5.812876393442623,0.211778,75.295663,305,33250,1
oracle,sand,right_left,4,400,ok,5.865484280936455,0.173371,75.638814,299,33500,1
oracle,sand,right_left,4,401,ok,5.838923961661342,0.231977,75.507888,313,33750,1
oracle,sand,right_left,4,402,ok,5.8143209621993135,0.213195,75.086088,291,34000,1
oracle,sand,right_left,4,403,ok,5.8379969072164934,0.275518,75.464181,291,34250,1
oracle,sand,right_left,4,404,ok,5.805837133550489,0.276636,74.948164,307,32500,1
oracle,sand,right_left,8,400,ok,5.609655076923078,0.209777,74.98629,325,32750,1
oracle,sand,right_left,8,401,ok,5.605282769230769,0.230483,75.249496,325,33000,1
oracle,sand,right_left,8,402,ok,5.650130564784053,0.166299,75.309087,301,33250,1
oracle,sand,right_left,8,403,ok,5.60891723076923,0.247382,75.040716,325,33500,1
oracle,sand,right_left,8,404,ok,5.593919558359621,0.215021,75.392775,317,33750,1
oracle,sand,sinusoidal,0,400,ok,5.5811782608695655,0.274909,156.011859,506,32750,1
oracle,sand,sinusoidal,0,401,ok,5.574845341614908,0.279084,156.026361,483,33000,1
oracle,sand,sinusoidal,0,402,ok,5.574060474308301,0.271826,156.103339,506,33250,1
oracle,sand,sinusoidal,0,403,ok,5.579270669291338,0.280792,155.98858,508,33500,1
oracle,sand,sinusoidal,0,404,ok,5.581946401515151,0.279792,155.987613,528,33750,1
oracle,sand,sinusoidal,4,400,ok,5.577466535433071,0.310628,156.098664,508,34000,1
oracle,sand,sinusoidal,4,401,ok,5.582014041745731,0.280688,155.912248,527,34250,1
oracle,sand,sinusoidal,4,402,ok,5.577151717171716,0.26172,156.050679,495,32500,1
oracle,sand,sinusoidal,4,403,ok,5.565851698113208,0.282463,156.133884,530,32750,1
oracle,sand,sinusoidal,4,404,ok,5.579494129158513,0.258119,156.079704,511,33000,1
oracle,sand,sinusoidal,8,400,ok,5.403499239543726,0.277126,155.942269,526,33250,1
oracle,sand,sinusoidal,8,401,ok,5.403671212121211,0.307731,155.974702,528,33500,1
oracle,sand,sinusoidal,8,402,ok,5.409685714285715,0.339312,156.02509,518,33750,1
oracle,sand,sinusoidal,8,403,ok,5.39944584103512,0.284849,155.959157,541,34000,1
oracle,sand,sinusoidal,8,404,ok,5.4008228200371065,0.395401,156.023417,539,34250,1
