trace_id,status,run_dir,trace_path,trace_sha256,trace_rows,trace_schema_version,trace_quality,source_path,failure,controller_prior,controller_prior_n,terrain_estimator_enabled,sim_seed,path,speed_mps,sim_time_s,lead_in_m,maneuver_label,terrain_id_probe,probe_target_alpha_rad,probe_slew_rate_radps,probe_signed_dwell_s,probe_clearance_m,probe_max_latency_s,wheel_center_noise_std_m,wheel_center_calibration_bias_std_m,attempt
trace_0000,ok,raw/trace_0000/attempt_01,raw/trace_0000/attempt_01/sensor_trace.csv,c6a71dcbac713e9ced0884c8596a8af6bf121091f6829956ebe4b4eae0a49ed5,1167,3,exact_runtime_observations,raw/trace_0000/attempt_01/20260801_181211_550620_dirt_sinusoidal_acados_static_mlp/terrain_observations.csv,,dirt,0.7,False,82330000,sinusoidal,5.0,14.0,5.0,passive,False,0.1,0.4,0.15,35.0,0.3,0.01,0.003,1
trace_0001,ok,raw/trace_0001/attempt_01,raw/trace_0001/attempt_01/sensor_trace.csv,8e64cf0a1866aa49ecf4d7ba5317c84139a64dc25a2039c3a5bdae6e98682ba9,851,3,exact_runtime_observations,raw/trace_0001/attempt_01/20260801_181231_963189_dirt_sinusoidal_acados_static_mlp/terrain_observations.csv,,dirt,0.7,False,82330001,sinusoidal,5.0,14.0,5.0,passive,False,0.1,0.4,0.15,35.0,0.3,0.01,0.003,1
trace_0002,ok,raw/trace_0002/attempt_01,raw/trace_0002/attempt_01/sensor_trace.csv,c8a66743db38ffc32160d1773c85add8011d7ee76c4d36d03e6d602a54fc0675,819,3,exact_runtime_observations,raw/trace_0002/attempt_01/20260801_181231_695719_dirt_sinusoidal_acados_static_mlp/terrain_observations.csv,,dirt,0.7,False,82330002,sinusoidal,5.0,14.0,5.0,passive,False,0.1,0.4,0.15,35.0,0.3,0.01,0.003,1
trace_0003,ok,raw/trace_0003/attempt_01,raw/trace_0003/attempt_01/sensor_trace.csv,ea6843004003b593dc42d16fa233718c2fd774f6eb5220ac6edb1ef041df9985,834,3,exact_runtime_observations,raw/trace_0003/attempt_01/20260801_181231_695685_dirt_sinusoidal_acados_static_mlp/terrain_observations.csv,,dirt,0.7,False,82330003,sinusoidal,5.0,14.0,5.0,passive,False,0.1,0.4,0.15,35.0,0.3,0.01,0.003,1
trace_0004,ok,raw/trace_0004/attempt_01,raw/trace_0004/attempt_01/sensor_trace.csv,a44b600d0eb000f46977795c7260f5759aee3d97f81d59f676d5179ac9675118,812,3,exact_runtime_observations,raw/trace_0004/attempt_01/20260801_181231_672761_dirt_sinusoidal_acados_static_mlp/terrain_observations.csv,,dirt,0.7,False,82330004,sinusoidal,5.0,14.0,5.0,passive,False,0.1,0.4,0.15,35.0,0.3,0.01,0.003,1
trace_0005,ok,raw/trace_0005/attempt_01,raw/trace_0005/attempt_01/sensor_trace.csv,9d389a5ee91d89f636ffefa72a0492f44f646015453aa914c8b88019ac7de1c5,777,3,exact_runtime_observations,raw/trace_0005/attempt_01/20260801_181231_673502_dirt_sinusoidal_acados_static_mlp/terrain_observations.csv,,dirt,0.7,False,82330005,sinusoidal,5.0,14.0,5.0,passive,False,0.1,0.4,0.15,35.0,0.3,0.01,0.003,1
trace_0006,ok,raw/trace_0006/attempt_01,raw/trace_0006/attempt_01/sensor_trace.csv,784d210ed9dc4424404673ee904d7faba5839188b8109f7e69acaad02d8abd9c,825,3,exact_runtime_observations,raw/trace_0006/attempt_01/20260801_181231_909923_dirt_sinusoidal_acados_static_mlp/terrain_observations.csv,,dirt,0.7,False,82330006,sinusoidal,5.0,14.0,5.0,passive,False,0.1,0.4,0.15,35.0,0.3,0.01,0.003,1
trace_0007,ok,raw/trace_0007/attempt_01,raw/trace_0007/attempt_01/sensor_trace.csv,be36362997155e94520d16bc367bd038f4591a7216dd0d4951e5fd5fbb6cdd5b,840,3,exact_runtime_observations,raw/trace_0007/attempt_01/20260801_181231_679041_dirt_sinusoidal_acados_static_mlp/terrain_observations.csv,,dirt,0.7,False,82330007,sinusoidal,5.0,14.0,5.0,passive,False,0.1,0.4,0.15,35.0,0.3,0.01,0.003,1
trace_0008,ok,raw/trace_0008/attempt_01,raw/trace_0008/attempt_01/sensor_trace.csv,2ff99e5c287c4082f4b70595653e5e3dec23fb88f441ee2d22a36769c298e390,805,3,exact_runtime_observations,raw/trace_0008/attempt_01/20260801_181231_729005_dirt_sinusoidal_acados_static_mlp/terrain_observations.csv,,dirt,0.7,False,82330008,sinusoidal,5.0,14.0,5.0,passive,False,0.1,0.4,0.15,35.0,0.3,0.01,0.003,1
trace_0009,ok,raw/trace_0009/attempt_01,raw/trace_0009/attempt_01/sensor_trace.csv,36cdc730f942b6c5f9d9c91fcfb115f786a60117884f82647ab6ae92d9f51500,847,3,exact_runtime_observations,raw/trace_0009/attempt_01/20260801_181252_845803_dirt_sinusoidal_acados_static_mlp/terrain_observations.csv,,dirt,0.7,False,82330009,sinusoidal,5.0,14.0,5.0,passive,False,0.1,0.4,0.15,35.0,0.3,0.01,0.003,1
trace_0010,ok,raw/trace_0010/attempt_01,raw/trace_0010/attempt_01/sensor_trace.csv,668e8c5bce1ceb25cdc6037e5b63e92193099ef8a1f0b560e6051e71066921db,865,3,exact_runtime_observations,raw/trace_0010/attempt_01/20260801_181253_453624_dirt_sinusoidal_acados_static_mlp/terrain_observations.csv,,dirt,0.7,False,82330010,sinusoidal,5.0,14.0,5.0,passive,False,0.1,0.4,0.15,35.0,0.3,0.01,0.003,1
trace_0011,ok,raw/trace_0011/attempt_01,raw/trace_0011/attempt_01/sensor_trace.csv,4fb8dce510caa23c652a7e889138d5a14994b107536d9b478fda031004c25e1e,821,3,exact_runtime_observations,raw/trace_0011/attempt_01/20260801_181252_676667_dirt_sinusoidal_acados_static_mlp/terrain_observations.csv,,dirt,0.7,False,82330011,sinusoidal,5.0,14.0,5.0,passive,False,0.1,0.4,0.15,35.0,0.3,0.01,0.003,1
trace_0012,ok,raw/trace_0012/attempt_01,raw/trace_0012/attempt_01/sensor_trace.csv,309f13ee01d74dd92e7d92eec6f616a5ab51b11591cc5f4d207c7e5d1c8a39b3,829,3,exact_runtime_observations,raw/trace_0012/attempt_01/20260801_181253_105506_dirt_sinusoidal_acados_static_mlp/terrain_observations.csv,,dirt,0.7,False,82330012,sinusoidal,5.0,14.0,5.0,passive,False,0.1,0.4,0.15,35.0,0.3,0.01,0.003,1
trace_0013,ok,raw/trace_0013/attempt_01,raw/trace_0013/attempt_01/sensor_trace.csv,0da03d6055ddc0a6c354f84cb8385491cd52a4e2cbe28dbbb17b5aa2aac15895,800,3,exact_runtime_observations,raw/trace_0013/attempt_01/20260801_181252_906269_dirt_sinusoidal_acados_static_mlp/terrain_observations.csv,,dirt,0.7,False,82330013,sinusoidal,5.0,14.0,5.0,passive,False,0.1,0.4,0.15,35.0,0.3,0.01,0.003,1
trace_0014,ok,raw/trace_0014/attempt_01,raw/trace_0014/attempt_01/sensor_trace.csv,b3a6d9b631734fe9ad4754778f52b4a2d944809abd243679a094181f6b995fc3,838,3,exact_runtime_observations,raw/trace_0014/attempt_01/20260801_181253_051179_dirt_sinusoidal_acados_static_mlp/terrain_observations.csv,,dirt,0.7,False,82330014,sinusoidal,5.0,14.0,5.0,passive,False,0.1,0.4,0.15,35.0,0.3,0.01,0.003,1
trace_0015,ok,raw/trace_0015/attempt_01,raw/trace_0015/attempt_01/sensor_trace.csv,59691e208dac78f9a85786aac0a7f527ccf643f2ee0d4d4da12f832dbf4dfaa5,821,3,exact_runtime_observations,raw/trace_0015/attempt_01/20260801_181253_274564_dirt_sinusoidal_acados_static_mlp/terrain_observations.csv,,dirt,0.7,False,82330015,sinusoidal,5.0,14.0,5.0,passive,False,0.1,0.4,0.15,35.0,0.3,0.01,0.003,1
trace_0016,ok,raw/trace_0016/attempt_01,raw/trace_0016/attempt_01/sensor_trace.csv,68e5f9d51e3393551f6074de0d7c8373de36621594b67e21f33b0e30e2fb4dca,822,3,exact_runtime_observations,raw/trace_0016/attempt_01/20260801_181253_285666_dirt_sinusoidal_acados_static_mlp/terrain_observations.csv,,dirt,0.7,False,82330016,sinusoidal,5.0,14.0,5.0,passive,False,0.1,0.4,0.15,35.0,0.3,0.01,0.003,1
trace_0017,ok,raw/trace_0017/attempt_01,raw/trace_0017/attempt_01/sensor_trace.csv,83238d4ebf0165019c11f6b54c273b5027ecbb00f010bec6c24cd193c4872bc4,861,3,exact_runtime_observations,raw/trace_0017/attempt_01/20260801_181313_822637_dirt_sinusoidal_acados_static_mlp/terrain_observations.csv,,dirt,0.7,False,82330017,sinusoidal,5.0,14.0,5.0,passive,False,0.1,0.4,0.15,35.0,0.3,0.01,0.003,1
trace_0018,ok,raw/trace_0018/attempt_01,raw/trace_0018/attempt_01/sensor_trace.csv,4b7938636549e05de467c8001b36caba3590be82c88dbf1e70ea7ccc2c2395ed,853,3,exact_runtime_observations,raw/trace_0018/attempt_01/20260801_181313_807487_dirt_sinusoidal_acados_static_mlp/terrain_observations.csv,,dirt,0.7,False,82330018,sinusoidal,5.0,14.0,5.0,passive,False,0.1,0.4,0.15,35.0,0.3,0.01,0.003,1
trace_0019,ok,raw/trace_0019/attempt_01,raw/trace_0019/attempt_01/sensor_trace.csv,330658d9f3e80fd84030206c56ccfd9032e046a04763714790176c38b3a63b44,790,3,exact_runtime_observations,raw/trace_0019/attempt_01/20260801_181314_150224_dirt_sinusoidal_acados_static_mlp/terrain_observations.csv,,dirt,0.7,False,82330019,sinusoidal,5.0,14.0,5.0,passive,False,0.1,0.4,0.15,35.0,0.3,0.01,0.003,1
trace_0020,ok,raw/trace_0020/attempt_01,raw/trace_0020/attempt_01/sensor_trace.csv,abd48bf01b210c21ab57e1d8e8c1095f546b18660251e135bd98c4c503659fec,822,3,exact_runtime_observations,raw/trace_0020/attempt_01/20260801_181314_292973_dirt_sinusoidal_acados_static_mlp/terrain_observations.csv,,dirt,0.7,False,82330020,sinusoidal,5.0,14.0,5.0,passive,False,0.1,0.4,0.15,35.0,0.3,0.01,0.003,1
trace_0021,ok,raw/trace_0021/attempt_01,raw/trace_0021/attempt_01/sensor_trace.csv,6896146ddce57ae0bfa2d0252696d4e663a81588d685861bf73c67d343ac67b0,834,3,exact_runtime_observations,raw/trace_0021/attempt_01/20260801_181314_042605_dirt_sinusoidal_acados_static_mlp/terrain_observations.csv,,dirt,0.7,False,82330021,sinusoidal,5.0,14.0,5.0,passive,False,0.1,0.4,0.15,35.0,0.3,0.01,0.003,1
trace_0022,ok,raw/trace_0022/attempt_01,raw/trace_0022/attempt_01/sensor_trace.csv,7b1f23c0772fbd4152b19e527ac24f055cfbd18c1ed87a37a30d74a0f6d8a4cf,853,3,exact_runtime_observations,raw/trace_0022/attempt_01/20260801_181314_195714_dirt_sinusoidal_acados_static_mlp/terrain_observations.csv,,dirt,0.7,False,82330022,sinusoidal,5.0,14.0,5.0,passive,False,0.1,0.4,0.15,35.0,0.3,0.01,0.003,1
trace_0023,ok,raw/trace_0023/attempt_01,raw/trace_0023/attempt_01/sensor_trace.csv,ad3034fa43ed54f247e2286147ee5c20265b816d0db53a4e6b3527b8e677d707,825,3,exact_runtime_observations,raw/trace_0023/attempt_01/20260801_181314_398417_dirt_sinusoidal_acados_static_mlp/terrain_observations.csv,,dirt,0.7,False,82330023,sinusoidal,5.0,14.0,5.0,passive,False,0.1,0.4,0.15,35.0,0.3,0.01,0.003,1
trace_0024,ok,raw/trace_0024/attempt_01,raw/trace_0024/attempt_01/sensor_trace.csv,dcc785bdaaee364370fceb278e3ff9eb5f13fc6ae339f997ff9f84b1649463ed,809,3,exact_runtime_observations,raw/trace_0024/attempt_01/20260801_181314_326676_dirt_sinusoidal_acados_static_mlp/terrain_observations.csv,,dirt,0.7,False,82330024,sinusoidal,5.0,14.0,5.0,passive,False,0.1,0.4,0.15,35.0,0.3,0.01,0.003,1
trace_0025,ok,raw/trace_0025/attempt_01,raw/trace_0025/attempt_01/sensor_trace.csv,555dc4af44a07f2d53e3ea34256f1b2f1aa9497b920ae31b1a7530c3788f1512,862,3,exact_runtime_observations,raw/trace_0025/attempt_01/20260801_181334_851192_dirt_sinusoidal_acados_static_mlp/terrain_observations.csv,,dirt,0.7,False,82330025,sinusoidal,5.0,14.0,5.0,passive,False,0.1,0.4,0.15,35.0,0.3,0.01,0.003,1
trace_0026,ok,raw/trace_0026/attempt_01,raw/trace_0026/attempt_01/sensor_trace.csv,12034d0f2760e9ea5188da45cb0c41e27381d665b3c6081cb636c815c3b3cc10,863,3,exact_runtime_observations,raw/trace_0026/attempt_01/20260801_181335_227150_dirt_sinusoidal_acados_static_mlp/terrain_observations.csv,,dirt,0.7,False,82330026,sinusoidal,5.0,14.0,5.0,passive,False,0.1,0.4,0.15,35.0,0.3,0.01,0.003,1
trace_0027,ok,raw/trace_0027/attempt_01,raw/trace_0027/attempt_01/sensor_trace.csv,ceb0a4ee4df5717d9326e7cb2e707db9e0f4322628be764ad00ec93f763b2e65,833,3,exact_runtime_observations,raw/trace_0027/attempt_01/20260801_181335_303364_dirt_sinusoidal_acados_static_mlp/terrain_observations.csv,,dirt,0.7,False,82330027,sinusoidal,5.0,14.0,5.0,passive,False,0.1,0.4,0.15,35.0,0.3,0.01,0.003,1
trace_0028,ok,raw/trace_0028/attempt_01,raw/trace_0028/attempt_01/sensor_trace.csv,4e7be5379347eb4b63656b0a517b97cd8910b7bc5b338d59d4d50458cb59c7bd,858,3,exact_runtime_observations,raw/trace_0028/attempt_01/20260801_181335_042843_dirt_sinusoidal_acados_static_mlp/terrain_observations.csv,,dirt,0.7,False,82330028,sinusoidal,5.0,14.0,5.0,passive,False,0.1,0.4,0.15,35.0,0.3,0.01,0.003,1
trace_0029,ok,raw/trace_0029/attempt_01,raw/trace_0029/attempt_01/sensor_trace.csv,661a2e3541c0e384d377ae142c4d6db40fe17a60eddd990d31d07f368c5863c1,862,3,exact_runtime_observations,raw/trace_0029/attempt_01/20260801_181335_494223_dirt_sinusoidal_acados_static_mlp/terrain_observations.csv,,dirt,0.7,False,82330029,sinusoidal,5.0,14.0,5.0,passive,False,0.1,0.4,0.15,35.0,0.3,0.01,0.003,1
trace_0030,ok,raw/trace_0030/attempt_01,raw/trace_0030/attempt_01/sensor_trace.csv,310ba7d2f14b9f8417aa107745045eca7e225506ec0ad8203a861e2ea77eba7f,857,3,exact_runtime_observations,raw/trace_0030/attempt_01/20260801_181335_367105_dirt_sinusoidal_acados_static_mlp/terrain_observations.csv,,dirt,0.7,False,82330030,sinusoidal,5.0,14.0,5.0,passive,False,0.1,0.4,0.15,35.0,0.3,0.01,0.003,1
trace_0031,ok,raw/trace_0031/attempt_01,raw/trace_0031/attempt_01/sensor_trace.csv,0784019b20050ae0cc29ae321e577edfbec741d950fde1ce7d838988574b1014,830,3,exact_runtime_observations,raw/trace_0031/attempt_01/20260801_181335_155541_dirt_sinusoidal_acados_static_mlp/terrain_observations.csv,,dirt,0.7,False,82330031,sinusoidal,5.0,14.0,5.0,passive,False,0.1,0.4,0.15,35.0,0.3,0.01,0.003,1
trace_0032,ok,raw/trace_0032/attempt_01,raw/trace_0032/attempt_01/sensor_trace.csv,f35e848eff58ff42f4cc029233f4ea1e5b583429412bbc4bd36e29df93bcadfc,803,3,exact_runtime_observations,raw/trace_0032/attempt_01/20260801_181335_905113_dirt_sinusoidal_acados_static_mlp/terrain_observations.csv,,dirt,0.7,False,82330032,sinusoidal,5.0,14.0,5.0,passive,False,0.1,0.4,0.15,35.0,0.3,0.01,0.003,1
trace_0033,ok,raw/trace_0033/attempt_01,raw/trace_0033/attempt_01/sensor_trace.csv,cb04d7521ec11daeeab0adbbc13aeec29eceaad580e2e8722259a96cbc13fc34,811,3,exact_runtime_observations,raw/trace_0033/attempt_01/20260801_181355_965022_dirt_sinusoidal_acados_static_mlp/terrain_observations.csv,,dirt,0.7,False,82330033,sinusoidal,5.0,14.0,5.0,passive,False,0.1,0.4,0.15,35.0,0.3,0.01,0.003,1
trace_0034,ok,raw/trace_0034/attempt_01,raw/trace_0034/attempt_01/sensor_trace.csv,22179f8e1a9d36663da2840363c5ff8b815fa521ee96380c02ef13b244cb2d5c,843,3,exact_runtime_observations,raw/trace_0034/attempt_01/20260801_181356_506461_dirt_sinusoidal_acados_static_mlp/terrain_observations.csv,,dirt,0.7,False,82330034,sinusoidal,5.0,14.0,5.0,passive,False,0.1,0.4,0.15,35.0,0.3,0.01,0.003,1
trace_0035,ok,raw/trace_0035/attempt_01,raw/trace_0035/attempt_01/sensor_trace.csv,a68658cc2c77bcdae64b112bd90751dafeb444a524f13c03fa6bdb08431a7624,849,3,exact_runtime_observations,raw/trace_0035/attempt_01/20260801_181356_548805_dirt_sinusoidal_acados_static_mlp/terrain_observations.csv,,dirt,0.7,False,82330035,sinusoidal,5.0,14.0,5.0,passive,False,0.1,0.4,0.15,35.0,0.3,0.01,0.003,1
trace_0036,ok,raw/trace_0036/attempt_01,raw/trace_0036/attempt_01/sensor_trace.csv,861fa22b330b53ca8ee5fc90653165857e00a505f70902faa20a73df74d572d5,851,3,exact_runtime_observations,raw/trace_0036/attempt_01/20260801_181356_398687_dirt_sinusoidal_acados_static_mlp/terrain_observations.csv,,dirt,0.7,False,82330036,sinusoidal,5.0,14.0,5.0,passive,False,0.1,0.4,0.15,35.0,0.3,0.01,0.003,1
trace_0037,ok,raw/trace_0037/attempt_01,raw/trace_0037/attempt_01/sensor_trace.csv,5912bcb668232ab0ce39b1ebe7241e4e3113f5441359fea9c8164ba30c6c3b7f,830,3,exact_runtime_observations,raw/trace_0037/attempt_01/20260801_181356_611910_dirt_sinusoidal_acados_static_mlp/terrain_observations.csv,,dirt,0.7,False,82330037,sinusoidal,5.0,14.0,5.0,passive,False,0.1,0.4,0.15,35.0,0.3,0.01,0.003,1
trace_0038,ok,raw/trace_0038/attempt_01,raw/trace_0038/attempt_01/sensor_trace.csv,0aff5809219587654d99fc8ee9c7db84b82c09165cdcf0e23b43b775d19326be,867,3,exact_runtime_observations,raw/trace_0038/attempt_01/20260801_181356_658836_dirt_sinusoidal_acados_static_mlp/terrain_observations.csv,,dirt,0.7,False,82330038,sinusoidal,5.0,14.0,5.0,passive,False,0.1,0.4,0.15,35.0,0.3,0.01,0.003,1
trace_0039,ok,raw/trace_0039/attempt_01,raw/trace_0039/attempt_01/sensor_trace.csv,0f934c01e77827fe8d910be1f3708eaca1da1cb218a4f60d66855bdf946ee2de,850,3,exact_runtime_observations,raw/trace_0039/attempt_01/20260801_181357_016570_dirt_sinusoidal_acados_static_mlp/terrain_observations.csv,,dirt,0.7,False,82330039,sinusoidal,5.0,14.0,5.0,passive,False,0.1,0.4,0.15,35.0,0.3,0.01,0.003,1
trace_0040,ok,raw/trace_0040/attempt_01,raw/trace_0040/attempt_01/sensor_trace.csv,5fd7daa95351a599371d3f8c0aa8b3eaeb908c5c0bd3ea1f04ab6d972e7f0b5f,827,3,exact_runtime_observations,raw/trace_0040/attempt_01/20260801_181356_800238_dirt_sinusoidal_acados_static_mlp/terrain_observations.csv,,dirt,0.7,False,82330040,sinusoidal,5.0,14.0,5.0,passive,False,0.1,0.4,0.15,35.0,0.3,0.01,0.003,1
trace_0041,ok,raw/trace_0041/attempt_01,raw/trace_0041/attempt_01/sensor_trace.csv,8c58451f2885050e7f5d047e370cfaa8c9f071acec522cdbb7733c2359500612,840,3,exact_runtime_observations,raw/trace_0041/attempt_01/20260801_181417_512894_dirt_sinusoidal_acados_static_mlp/terrain_observations.csv,,dirt,0.7,False,82330041,sinusoidal,5.0,14.0,5.0,passive,False,0.1,0.4,0.15,35.0,0.3,0.01,0.003,1
trace_0042,ok,raw/trace_0042/attempt_01,raw/trace_0042/attempt_01/sensor_trace.csv,b7c2524e3038a780933b1070c29ae60526445baa487e16f56ec2de651fbce96e,849,3,exact_runtime_observations,raw/trace_0042/attempt_01/20260801_181417_512350_dirt_sinusoidal_acados_static_mlp/terrain_observations.csv,,dirt,0.7,False,82330042,sinusoidal,5.0,14.0,5.0,passive,False,0.1,0.4,0.15,35.0,0.3,0.01,0.003,1
trace_0043,ok,raw/trace_0043/attempt_01,raw/trace_0043/attempt_01/sensor_trace.csv,e3e7a25ea6d44fb20f82531f393a9d06ccacb72b08b0bf01ce5e57a841117e2a,832,3,exact_runtime_observations,raw/trace_0043/attempt_01/20260801_181417_828348_dirt_sinusoidal_acados_static_mlp/terrain_observations.csv,,dirt,0.7,False,82330043,sinusoidal,5.0,14.0,5.0,passive,False,0.1,0.4,0.15,35.0,0.3,0.01,0.003,1
trace_0044,ok,raw/trace_0044/attempt_01,raw/trace_0044/attempt_01/sensor_trace.csv,3e4fb5bbe196186f8e2bf508dddcdb15a5e32016f2560b93c5325ec10747a472,832,3,exact_runtime_observations,raw/trace_0044/attempt_01/20260801_181417_483666_dirt_sinusoidal_acados_static_mlp/terrain_observations.csv,,dirt,0.7,False,82330044,sinusoidal,5.0,14.0,5.0,passive,False,0.1,0.4,0.15,35.0,0.3,0.01,0.003,1
trace_0045,ok,raw/trace_0045/attempt_01,raw/trace_0045/attempt_01/sensor_trace.csv,949a568d460d191bf0c3ad486c4d5ce3ae6d9e000836e42b1aed36259bddf0c1,879,3,exact_runtime_observations,raw/trace_0045/attempt_01/20260801_181417_826029_dirt_sinusoidal_acados_static_mlp/terrain_observations.csv,,dirt,0.7,False,82330045,sinusoidal,5.0,14.0,5.0,passive,False,0.1,0.4,0.15,35.0,0.3,0.01,0.003,1
trace_0046,ok,raw/trace_0046/attempt_01,raw/trace_0046/attempt_01/sensor_trace.csv,6a3808d37d86663f6e1b4c692fc194807b78e6d52cfe5221578f6c22f0441721,826,3,exact_runtime_observations,raw/trace_0046/attempt_01/20260801_181417_950241_dirt_sinusoidal_acados_static_mlp/terrain_observations.csv,,dirt,0.7,False,82330046,sinusoidal,5.0,14.0,5.0,passive,False,0.1,0.4,0.15,35.0,0.3,0.01,0.003,1
trace_0047,ok,raw/trace_0047/attempt_01,raw/trace_0047/attempt_01/sensor_trace.csv,fc3856ea2fe343c46998ec247c627a9725f1d52796666bddc730e71994aa8af5,850,3,exact_runtime_observations,raw/trace_0047/attempt_01/20260801_181418_093892_dirt_sinusoidal_acados_static_mlp/terrain_observations.csv,,dirt,0.7,False,82330047,sinusoidal,5.0,14.0,5.0,passive,False,0.1,0.4,0.15,35.0,0.3,0.01,0.003,1
trace_0048,ok,raw/trace_0048/attempt_01,raw/trace_0048/attempt_01/sensor_trace.csv,a4569193f4494639647f7f71e95b0085fe63913fd04ac9fb7ba8094d9c80d97e,846,3,exact_runtime_observations,raw/trace_0048/attempt_01/20260801_181417_881094_dirt_sinusoidal_acados_static_mlp/terrain_observations.csv,,dirt,0.7,False,82330048,sinusoidal,5.0,14.0,5.0,passive,False,0.1,0.4,0.15,35.0,0.3,0.01,0.003,1
trace_0049,ok,raw/trace_0049/attempt_01,raw/trace_0049/attempt_01/sensor_trace.csv,f21935ffa98342ef47863dca0867221cace6e50c785b1740054b5d7341c37c28,858,3,exact_runtime_observations,raw/trace_0049/attempt_01/20260801_181438_742488_dirt_sinusoidal_acados_static_mlp/terrain_observations.csv,,dirt,0.7,False,82330049,sinusoidal,5.0,14.0,5.0,passive,False,0.1,0.4,0.15,35.0,0.3,0.01,0.003,1
trace_0050,ok,raw/trace_0050/attempt_01,raw/trace_0050/attempt_01/sensor_trace.csv,68a5120a9fc9374e53389d59a421472b951d2436edb65334ad99f7840776422c,840,3,exact_runtime_observations,raw/trace_0050/attempt_01/20260801_181438_759075_dirt_sinusoidal_acados_static_mlp/terrain_observations.csv,,dirt,0.7,False,82330050,sinusoidal,5.0,14.0,5.0,passive,False,0.1,0.4,0.15,35.0,0.3,0.01,0.003,1
trace_0051,ok,raw/trace_0051/attempt_01,raw/trace_0051/attempt_01/sensor_trace.csv,e3aa6cdec9fd8a9e9a4a583c1f0c2d10bfcc90e02094176b61766dfb3bf72385,782,3,exact_runtime_observations,raw/trace_0051/attempt_01/20260801_181438_776949_dirt_sinusoidal_acados_static_mlp/terrain_observations.csv,,dirt,0.7,False,82330051,sinusoidal,5.0,14.0,5.0,passive,False,0.1,0.4,0.15,35.0,0.3,0.01,0.003,1
trace_0052,ok,raw/trace_0052/attempt_01,raw/trace_0052/attempt_01/sensor_trace.csv,7faf95b95580a5ed9411d4845b212e90b67ef7f8bd32320e3521b4055bab04aa,847,3,exact_runtime_observations,raw/trace_0052/attempt_01/20260801_181439_008403_dirt_sinusoidal_acados_static_mlp/terrain_observations.csv,,dirt,0.7,False,82330052,sinusoidal,5.0,14.0,5.0,passive,False,0.1,0.4,0.15,35.0,0.3,0.01,0.003,1
trace_0053,ok,raw/trace_0053/attempt_01,raw/trace_0053/attempt_01/sensor_trace.csv,907c37aa20d94badabf79d07e6bade5acf0ab3777ec5e4a6ad7c4c961adc81bc,874,3,exact_runtime_observations,raw/trace_0053/attempt_01/20260801_181439_188466_dirt_sinusoidal_acados_static_mlp/terrain_observations.csv,,dirt,0.7,False,82330053,sinusoidal,5.0,14.0,5.0,passive,False,0.1,0.4,0.15,35.0,0.3,0.01,0.003,1
trace_0054,ok,raw/trace_0054/attempt_01,raw/trace_0054/attempt_01/sensor_trace.csv,1b18bdf0ea0e8c16e55ce673965d35709fb681c3c1a82903266c3cadcf7721a3,838,3,exact_runtime_observations,raw/trace_0054/attempt_01/20260801_181439_112283_dirt_sinusoidal_acados_static_mlp/terrain_observations.csv,,dirt,0.7,False,82330054,sinusoidal,5.0,14.0,5.0,passive,False,0.1,0.4,0.15,35.0,0.3,0.01,0.003,1
trace_0055,ok,raw/trace_0055/attempt_01,raw/trace_0055/attempt_01/sensor_trace.csv,39657d7c073bb48f2b6c167f82d9e63f737d9d7f9a4dbe982843356b440f1dd2,835,3,exact_runtime_observations,raw/trace_0055/attempt_01/20260801_181439_304755_dirt_sinusoidal_acados_static_mlp/terrain_observations.csv,,dirt,0.7,False,82330055,sinusoidal,5.0,14.0,5.0,passive,False,0.1,0.4,0.15,35.0,0.3,0.01,0.003,1
trace_0056,ok,raw/trace_0056/attempt_01,raw/trace_0056/attempt_01/sensor_trace.csv,6f336a4e92bf040b5e275d5beae7af693c666d6954f9c2a8bffa0a816f7e22ee,816,3,exact_runtime_observations,raw/trace_0056/attempt_01/20260801_181439_582759_dirt_sinusoidal_acados_static_mlp/terrain_observations.csv,,dirt,0.7,False,82330056,sinusoidal,5.0,14.0,5.0,passive,False,0.1,0.4,0.15,35.0,0.3,0.01,0.003,1
trace_0057,ok,raw/trace_0057/attempt_01,raw/trace_0057/attempt_01/sensor_trace.csv,f680b99616daadc3602034c2d31e4bd62b5f7524d0d779aa154fcefb649624f7,865,3,exact_runtime_observations,raw/trace_0057/attempt_01/20260801_181459_842243_dirt_sinusoidal_acados_static_mlp/terrain_observations.csv,,dirt,0.7,False,82330057,sinusoidal,5.0,14.0,5.0,passive,False,0.1,0.4,0.15,35.0,0.3,0.01,0.003,1
trace_0058,ok,raw/trace_0058/attempt_01,raw/trace_0058/attempt_01/sensor_trace.csv,f8afe0d704f789687acebca55cb4a4e9306b753e3b9b91b1878531405722b63b,799,3,exact_runtime_observations,raw/trace_0058/attempt_01/20260801_181500_293317_dirt_sinusoidal_acados_static_mlp/terrain_observations.csv,,dirt,0.7,False,82330058,sinusoidal,5.0,14.0,5.0,passive,False,0.1,0.4,0.15,35.0,0.3,0.01,0.003,1
trace_0059,ok,raw/trace_0059/attempt_01,raw/trace_0059/attempt_01/sensor_trace.csv,0f78fb5a5fbd674291d91eef7318e213100c077a548d415123f90ee49b041ed4,842,3,exact_runtime_observations,raw/trace_0059/attempt_01/20260801_181500_123506_dirt_sinusoidal_acados_static_mlp/terrain_observations.csv,,dirt,0.7,False,82330059,sinusoidal,5.0,14.0,5.0,passive,False,0.1,0.4,0.15,35.0,0.3,0.01,0.003,1
trace_0060,ok,raw/trace_0060/attempt_01,raw/trace_0060/attempt_01/sensor_trace.csv,4bb0da28c1de6923f9e61a54752911ad14b1d9e269e2b643a07ee22ba85ef034,856,3,exact_runtime_observations,raw/trace_0060/attempt_01/20260801_181500_423569_dirt_sinusoidal_acados_static_mlp/terrain_observations.csv,,dirt,0.7,False,82330060,sinusoidal,5.0,14.0,5.0,passive,False,0.1,0.4,0.15,35.0,0.3,0.01,0.003,1
trace_0061,ok,raw/trace_0061/attempt_01,raw/trace_0061/attempt_01/sensor_trace.csv,b4f21fb400fb4425599073dc3be86208fc8aefa705b0c61d35e194dfb0ac1fec,860,3,exact_runtime_observations,raw/trace_0061/attempt_01/20260801_181500_423569_dirt_sinusoidal_acados_static_mlp/terrain_observations.csv,,dirt,0.7,False,82330061,sinusoidal,5.0,14.0,5.0,passive,False,0.1,0.4,0.15,35.0,0.3,0.01,0.003,1
trace_0062,ok,raw/trace_0062/attempt_01,raw/trace_0062/attempt_01/sensor_trace.csv,7dc43827dd8bbef23537d02c9f3457a99929fe74e7815c1c4d48c17c83326e97,842,3,exact_runtime_observations,raw/trace_0062/attempt_01/20260801_181500_121439_dirt_sinusoidal_acados_static_mlp/terrain_observations.csv,,dirt,0.7,False,82330062,sinusoidal,5.0,14.0,5.0,passive,False,0.1,0.4,0.15,35.0,0.3,0.01,0.003,1
trace_0063,ok,raw/trace_0063/attempt_01,raw/trace_0063/attempt_01/sensor_trace.csv,0b4ace957fcb0f8f65b3db3477ee6b774c39f3001ea12de6e7872d9222e4cf9d,862,3,exact_runtime_observations,raw/trace_0063/attempt_01/20260801_181500_270857_dirt_sinusoidal_acados_static_mlp/terrain_observations.csv,,dirt,0.7,False,82330063,sinusoidal,5.0,14.0,5.0,passive,False,0.1,0.4,0.15,35.0,0.3,0.01,0.003,1
trace_0064,ok,raw/trace_0064/attempt_01,raw/trace_0064/attempt_01/sensor_trace.csv,78eac638ddd967f6adc7c1200bc5bcd56a59a0eedafe3d8414ff74c515155c61,838,3,exact_runtime_observations,raw/trace_0064/attempt_01/20260801_181500_490691_dirt_sinusoidal_acados_static_mlp/terrain_observations.csv,,dirt,0.7,False,82330064,sinusoidal,5.0,14.0,5.0,passive,False,0.1,0.4,0.15,35.0,0.3,0.01,0.003,1
trace_0065,ok,raw/trace_0065/attempt_01,raw/trace_0065/attempt_01/sensor_trace.csv,a5490f862d2eee025d84c2b8c78c792b09759920349df375a894fc4850aca3af,822,3,exact_runtime_observations,raw/trace_0065/attempt_01/20260801_181521_048363_dirt_sinusoidal_acados_static_mlp/terrain_observations.csv,,dirt,0.7,False,82330065,sinusoidal,5.0,14.0,5.0,passive,False,0.1,0.4,0.15,35.0,0.3,0.01,0.003,1
trace_0066,ok,raw/trace_0066/attempt_01,raw/trace_0066/attempt_01/sensor_trace.csv,e2dd21dcf5d3801700de3dda75438e169ae70945b14f1c88b4b2846f90ab8f77,778,3,exact_runtime_observations,raw/trace_0066/attempt_01/20260801_181521_078149_dirt_sinusoidal_acados_static_mlp/terrain_observations.csv,,dirt,0.7,False,82330066,sinusoidal,5.0,14.0,5.0,passive,False,0.1,0.4,0.15,35.0,0.3,0.01,0.003,1
trace_0067,ok,raw/trace_0067/attempt_01,raw/trace_0067/attempt_01/sensor_trace.csv,0db2b7751c875e2a5579ce96170b5de0b5b95014f9c217a359be26641ee2370c,817,3,exact_runtime_observations,raw/trace_0067/attempt_01/20260801_181521_440978_dirt_sinusoidal_acados_static_mlp/terrain_observations.csv,,dirt,0.7,False,82330067,sinusoidal,5.0,14.0,5.0,passive,False,0.1,0.4,0.15,35.0,0.3,0.01,0.003,1
trace_0068,ok,raw/trace_0068/attempt_01,raw/trace_0068/attempt_01/sensor_trace.csv,83fe15f7bc506402d764056e226e4202b98bf365007b8439ae13b64e062ee965,839,3,exact_runtime_observations,raw/trace_0068/attempt_01/20260801_181521_496173_dirt_sinusoidal_acados_static_mlp/terrain_observations.csv,,dirt,0.7,False,82330068,sinusoidal,5.0,14.0,5.0,passive,False,0.1,0.4,0.15,35.0,0.3,0.01,0.003,1
trace_0069,ok,raw/trace_0069/attempt_01,raw/trace_0069/attempt_01/sensor_trace.csv,10a9241ed010e19d41d26a5fafca86f8c2de9f3ead6231a58e50355e18d7a1ea,862,3,exact_runtime_observations,raw/trace_0069/attempt_01/20260801_181522_087559_dirt_sinusoidal_acados_static_mlp/terrain_observations.csv,,dirt,0.7,False,82330069,sinusoidal,5.0,14.0,5.0,passive,False,0.1,0.4,0.15,35.0,0.3,0.01,0.003,1
trace_0070,ok,raw/trace_0070/attempt_01,raw/trace_0070/attempt_01/sensor_trace.csv,4a6e85762a2016cb445337d7287df6573c7be5f12ad64031667a088c2884503e,820,3,exact_runtime_observations,raw/trace_0070/attempt_01/20260801_181521_796228_dirt_sinusoidal_acados_static_mlp/terrain_observations.csv,,dirt,0.7,False,82330070,sinusoidal,5.0,14.0,5.0,passive,False,0.1,0.4,0.15,35.0,0.3,0.01,0.003,1
trace_0071,ok,raw/trace_0071/attempt_01,raw/trace_0071/attempt_01/sensor_trace.csv,71c2e8879cea025c42b171922cbf77789360c15ea586328db76bf9e118152e5f,827,3,exact_runtime_observations,raw/trace_0071/attempt_01/20260801_181522_133225_dirt_sinusoidal_acados_static_mlp/terrain_observations.csv,,dirt,0.7,False,82330071,sinusoidal,5.0,14.0,5.0,passive,False,0.1,0.4,0.15,35.0,0.3,0.01,0.003,1
trace_0072,ok,raw/trace_0072/attempt_01,raw/trace_0072/attempt_01/sensor_trace.csv,a9d920a674373feb700adbc9be3d55ba254f0006af358cb17212667decb3f6a5,833,3,exact_runtime_observations,raw/trace_0072/attempt_01/20260801_181521_513196_dirt_sinusoidal_acados_static_mlp/terrain_observations.csv,,dirt,0.7,False,82330072,sinusoidal,5.0,14.0,5.0,passive,False,0.1,0.4,0.15,35.0,0.3,0.01,0.003,1
trace_0073,ok,raw/trace_0073/attempt_01,raw/trace_0073/attempt_01/sensor_trace.csv,5a67664cf7af7ce462d6697df59bb179b7b3ee3f4205d6038c6363a73a8ad29c,786,3,exact_runtime_observations,raw/trace_0073/attempt_01/20260801_181541_953287_dirt_sinusoidal_acados_static_mlp/terrain_observations.csv,,dirt,0.7,False,82330073,sinusoidal,5.0,14.0,5.0,passive,False,0.1,0.4,0.15,35.0,0.3,0.01,0.003,1
trace_0074,ok,raw/trace_0074/attempt_01,raw/trace_0074/attempt_01/sensor_trace.csv,ccda95d64fe7263dcb6bac8213bd910b3e2395b931dcb89651df5186698e65e3,800,3,exact_runtime_observations,raw/trace_0074/attempt_01/20260801_181541_983147_dirt_sinusoidal_acados_static_mlp/terrain_observations.csv,,dirt,0.7,False,82330074,sinusoidal,5.0,14.0,5.0,passive,False,0.1,0.4,0.15,35.0,0.3,0.01,0.003,1
trace_0075,ok,raw/trace_0075/attempt_01,raw/trace_0075/attempt_01/sensor_trace.csv,824bf791b2db778ca1aa15b6e969195c8f7a2858f186b125cd8d76ad7dc5c59d,816,3,exact_runtime_observations,raw/trace_0075/attempt_01/20260801_181542_193716_dirt_sinusoidal_acados_static_mlp/terrain_observations.csv,,dirt,0.7,False,82330075,sinusoidal,5.0,14.0,5.0,passive,False,0.1,0.4,0.15,35.0,0.3,0.01,0.003,1
trace_0076,ok,raw/trace_0076/attempt_01,raw/trace_0076/attempt_01/sensor_trace.csv,0be2d5ebd90392e7f8b4d75783e7c7d18db2ef05c9be5ca016776383d3d7b9c8,851,3,exact_runtime_observations,raw/trace_0076/attempt_01/20260801_181542_712863_dirt_sinusoidal_acados_static_mlp/terrain_observations.csv,,dirt,0.7,False,82330076,sinusoidal,5.0,14.0,5.0,passive,False,0.1,0.4,0.15,35.0,0.3,0.01,0.003,1
trace_0077,ok,raw/trace_0077/attempt_01,raw/trace_0077/attempt_01/sensor_trace.csv,3f642189cadae99db5e783583c4729bec1ebb5b82ac3047de7f9f2cfba873b09,832,3,exact_runtime_observations,raw/trace_0077/attempt_01/20260801_181542_800536_dirt_sinusoidal_acados_static_mlp/terrain_observations.csv,,dirt,0.7,False,82330077,sinusoidal,5.0,14.0,5.0,passive,False,0.1,0.4,0.15,35.0,0.3,0.01,0.003,1
trace_0078,ok,raw/trace_0078/attempt_01,raw/trace_0078/attempt_01/sensor_trace.csv,5be610c9110138ba4b521d400834c58d78937f656a87e5a6a721f6f7cd057173,864,3,exact_runtime_observations,raw/trace_0078/attempt_01/20260801_181542_609901_dirt_sinusoidal_acados_static_mlp/terrain_observations.csv,,dirt,0.7,False,82330078,sinusoidal,5.0,14.0,5.0,passive,False,0.1,0.4,0.15,35.0,0.3,0.01,0.003,1
trace_0079,ok,raw/trace_0079/attempt_01,raw/trace_0079/attempt_01/sensor_trace.csv,fe81382db5ae5ce3dab63a7af262859093288f7ffd160b571bddaacc84c127de,874,3,exact_runtime_observations,raw/trace_0079/attempt_01/20260801_181542_894274_dirt_sinusoidal_acados_static_mlp/terrain_observations.csv,,dirt,0.7,False,82330079,sinusoidal,5.0,14.0,5.0,passive,False,0.1,0.4,0.15,35.0,0.3,0.01,0.003,1
trace_0080,ok,raw/trace_0080/attempt_01,raw/trace_0080/attempt_01/sensor_trace.csv,11161405df0508047692dd9d878dfa4024c507bd06d2ec692979e91ef222b9ed,814,3,exact_runtime_observations,raw/trace_0080/attempt_01/20260801_181542_685053_dirt_sinusoidal_acados_static_mlp/terrain_observations.csv,,dirt,0.7,False,82330080,sinusoidal,5.0,14.0,5.0,passive,False,0.1,0.4,0.15,35.0,0.3,0.01,0.003,1
trace_0081,ok,raw/trace_0081/attempt_01,raw/trace_0081/attempt_01/sensor_trace.csv,7e422900dbb3a843bedaf8c643c04e564f871d9e5419def1a936bc5457c704b5,867,3,exact_runtime_observations,raw/trace_0081/attempt_01/20260801_181602_709377_dirt_sinusoidal_acados_static_mlp/terrain_observations.csv,,dirt,0.7,False,82330081,sinusoidal,5.0,14.0,5.0,passive,False,0.1,0.4,0.15,35.0,0.3,0.01,0.003,1
trace_0082,ok,raw/trace_0082/attempt_01,raw/trace_0082/attempt_01/sensor_trace.csv,25ff412f1aef9079d3623814ffa84c02622f1dc785d06e7a88bc4f9928869bcb,828,3,exact_runtime_observations,raw/trace_0082/attempt_01/20260801_181602_882032_dirt_sinusoidal_acados_static_mlp/terrain_observations.csv,,dirt,0.7,False,82330082,sinusoidal,5.0,14.0,5.0,passive,False,0.1,0.4,0.15,35.0,0.3,0.01,0.003,1
trace_0083,ok,raw/trace_0083/attempt_01,raw/trace_0083/attempt_01/sensor_trace.csv,09816d733e2e1d0a90e20558141b7892c24057d07479522dedb13489ddb84ea1,824,3,exact_runtime_observations,raw/trace_0083/attempt_01/20260801_181603_363703_dirt_sinusoidal_acados_static_mlp/terrain_observations.csv,,dirt,0.7,False,82330083,sinusoidal,5.0,14.0,5.0,passive,False,0.1,0.4,0.15,35.0,0.3,0.01,0.003,1
trace_0084,ok,raw/trace_0084/attempt_01,raw/trace_0084/attempt_01/sensor_trace.csv,b8d3548c0f2b08678b7b56ef15b8f3bd30df97d28e4e1942abf065251cb09296,787,3,exact_runtime_observations,raw/trace_0084/attempt_01/20260801_181603_266040_dirt_sinusoidal_acados_static_mlp/terrain_observations.csv,,dirt,0.7,False,82330084,sinusoidal,5.0,14.0,5.0,passive,False,0.1,0.4,0.15,35.0,0.3,0.01,0.003,1
trace_0085,ok,raw/trace_0085/attempt_01,raw/trace_0085/attempt_01/sensor_trace.csv,4ceec02fbfc619c04f7aff176164ec1654827fbb8fe32d030684eff709806a74,830,3,exact_runtime_observations,raw/trace_0085/attempt_01/20260801_181603_660976_dirt_sinusoidal_acados_static_mlp/terrain_observations.csv,,dirt,0.7,False,82330085,sinusoidal,5.0,14.0,5.0,passive,False,0.1,0.4,0.15,35.0,0.3,0.01,0.003,1
trace_0086,ok,raw/trace_0086/attempt_01,raw/trace_0086/attempt_01/sensor_trace.csv,86968d8cfb9d0951ec31438bd6f0e046d11dd4aa9383f9a26483f0c27b53aa06,832,3,exact_runtime_observations,raw/trace_0086/attempt_01/20260801_181603_556450_dirt_sinusoidal_acados_static_mlp/terrain_observations.csv,,dirt,0.7,False,82330086,sinusoidal,5.0,14.0,5.0,passive,False,0.1,0.4,0.15,35.0,0.3,0.01,0.003,1
trace_0087,ok,raw/trace_0087/attempt_01,raw/trace_0087/attempt_01/sensor_trace.csv,b35f6ac0e44d4018cae2435d7f1ba2fc0447b230acf3bb8609609973120eff49,829,3,exact_runtime_observations,raw/trace_0087/attempt_01/20260801_181603_968015_dirt_sinusoidal_acados_static_mlp/terrain_observations.csv,,dirt,0.7,False,82330087,sinusoidal,5.0,14.0,5.0,passive,False,0.1,0.4,0.15,35.0,0.3,0.01,0.003,1
trace_0088,ok,raw/trace_0088/attempt_01,raw/trace_0088/attempt_01/sensor_trace.csv,cce0f08d1badb9eb235bdce7d7fc75a30b1ee439e4c0a2d6a6a3f63394f67960,814,3,exact_runtime_observations,raw/trace_0088/attempt_01/20260801_181603_960017_dirt_sinusoidal_acados_static_mlp/terrain_observations.csv,,dirt,0.7,False,82330088,sinusoidal,5.0,14.0,5.0,passive,False,0.1,0.4,0.15,35.0,0.3,0.01,0.003,1
trace_0089,ok,raw/trace_0089/attempt_01,raw/trace_0089/attempt_01/sensor_trace.csv,e8e919a6ccca25abedaff978e22af11540f6469274685ca120452e2bab36b115,799,3,exact_runtime_observations,raw/trace_0089/attempt_01/20260801_181623_650405_dirt_sinusoidal_acados_static_mlp/terrain_observations.csv,,dirt,0.7,False,82330089,sinusoidal,5.0,14.0,5.0,passive,False,0.1,0.4,0.15,35.0,0.3,0.01,0.003,1
trace_0090,ok,raw/trace_0090/attempt_01,raw/trace_0090/attempt_01/sensor_trace.csv,588e2802a58926e6abc2be5c0d1260e97b58258379dc6ecda267a71f28bafea0,849,3,exact_runtime_observations,raw/trace_0090/attempt_01/20260801_181623_795957_dirt_sinusoidal_acados_static_mlp/terrain_observations.csv,,dirt,0.7,False,82330090,sinusoidal,5.0,14.0,5.0,passive,False,0.1,0.4,0.15,35.0,0.3,0.01,0.003,1
trace_0091,ok,raw/trace_0091/attempt_01,raw/trace_0091/attempt_01/sensor_trace.csv,cf27674939d3f49ef8e1301de306befaccd90dbc00dbe4ae6c91308e697d16ca,842,3,exact_runtime_observations,raw/trace_0091/attempt_01/20260801_181624_451288_dirt_sinusoidal_acados_static_mlp/terrain_observations.csv,,dirt,0.7,False,82330091,sinusoidal,5.0,14.0,5.0,passive,False,0.1,0.4,0.15,35.0,0.3,0.01,0.003,1
trace_0092,ok,raw/trace_0092/attempt_01,raw/trace_0092/attempt_01/sensor_trace.csv,33720a8b1e9c37975bfc5ca2a4c27504c0f5a6ce06acf5c1015a744ee9ec295b,844,3,exact_runtime_observations,raw/trace_0092/attempt_01/20260801_181624_435275_dirt_sinusoidal_acados_static_mlp/terrain_observations.csv,,dirt,0.7,False,82330092,sinusoidal,5.0,14.0,5.0,passive,False,0.1,0.4,0.15,35.0,0.3,0.01,0.003,1
trace_0093,ok,raw/trace_0093/attempt_01,raw/trace_0093/attempt_01/sensor_trace.csv,9322dfc62a244f239c795fab153defa49eb501bc8c249bfb7529e12f1f56f77c,831,3,exact_runtime_observations,raw/trace_0093/attempt_01/20260801_181624_429105_dirt_sinusoidal_acados_static_mlp/terrain_observations.csv,,dirt,0.7,False,82330093,sinusoidal,5.0,14.0,5.0,passive,False,0.1,0.4,0.15,35.0,0.3,0.01,0.003,1
trace_0094,ok,raw/trace_0094/attempt_01,raw/trace_0094/attempt_01/sensor_trace.csv,894977a89703c24672536ffedb2cf51edc0d8cbe3442c47da4b701f04d2eef64,825,3,exact_runtime_observations,raw/trace_0094/attempt_01/20260801_181624_979071_dirt_sinusoidal_acados_static_mlp/terrain_observations.csv,,dirt,0.7,False,82330094,sinusoidal,5.0,14.0,5.0,passive,False,0.1,0.4,0.15,35.0,0.3,0.01,0.003,1
trace_0095,ok,raw/trace_0095/attempt_01,raw/trace_0095/attempt_01/sensor_trace.csv,bf5d42292c6f48c6198782231ba9511d271ef5ae593173e426919d104bbad9b0,819,3,exact_runtime_observations,raw/trace_0095/attempt_01/20260801_181624_782046_dirt_sinusoidal_acados_static_mlp/terrain_observations.csv,,dirt,0.7,False,82330095,sinusoidal,5.0,14.0,5.0,passive,False,0.1,0.4,0.15,35.0,0.3,0.01,0.003,1
trace_0096,ok,raw/trace_0096/attempt_01,raw/trace_0096/attempt_01/sensor_trace.csv,44cce960d1c8fe2173aa539cc0111df4688429bcc06e62db5eac645a17c38b5d,808,3,exact_runtime_observations,raw/trace_0096/attempt_01/20260801_181625_069239_dirt_sinusoidal_acados_static_mlp/terrain_observations.csv,,dirt,0.7,False,82330096,sinusoidal,5.0,14.0,5.0,passive,False,0.1,0.4,0.15,35.0,0.3,0.01,0.003,1
trace_0097,ok,raw/trace_0097/attempt_01,raw/trace_0097/attempt_01/sensor_trace.csv,4675c6a20d47d93866ee1344265e085ac2105ea433f48141a0c53e76e95d9601,862,3,exact_runtime_observations,raw/trace_0097/attempt_01/20260801_181644_541322_dirt_sinusoidal_acados_static_mlp/terrain_observations.csv,,dirt,0.7,False,82330097,sinusoidal,5.0,14.0,5.0,passive,False,0.1,0.4,0.15,35.0,0.3,0.01,0.003,1
trace_0098,ok,raw/trace_0098/attempt_01,raw/trace_0098/attempt_01/sensor_trace.csv,b4c57ddad6d788976ff2082016c4bff15d8605307c703e41a743c4217f8b5c5e,855,3,exact_runtime_observations,raw/trace_0098/attempt_01/20260801_181644_763789_dirt_sinusoidal_acados_static_mlp/terrain_observations.csv,,dirt,0.7,False,82330098,sinusoidal,5.0,14.0,5.0,passive,False,0.1,0.4,0.15,35.0,0.3,0.01,0.003,1
trace_0099,ok,raw/trace_0099/attempt_01,raw/trace_0099/attempt_01/sensor_trace.csv,872051ed4ef4c8d987b9b717f83bc5118caa3d8034c548ef709032abfb3e04d3,827,3,exact_runtime_observations,raw/trace_0099/attempt_01/20260801_181645_407077_dirt_sinusoidal_acados_static_mlp/terrain_observations.csv,,dirt,0.7,False,82330099,sinusoidal,5.0,14.0,5.0,passive,False,0.1,0.4,0.15,35.0,0.3,0.01,0.003,1
trace_0100,ok,raw/trace_0100/attempt_01,raw/trace_0100/attempt_01/sensor_trace.csv,d8ba99e060de1a2f86a6d7aa940e7b33ce6bb730f7c460cc4e537da2608ef041,820,3,exact_runtime_observations,raw/trace_0100/attempt_01/20260801_181645_316621_dirt_sinusoidal_acados_static_mlp/terrain_observations.csv,,dirt,0.7,False,82330100,sinusoidal,5.0,14.0,5.0,passive,False,0.1,0.4,0.15,35.0,0.3,0.01,0.003,1
trace_0101,ok,raw/trace_0101/attempt_01,raw/trace_0101/attempt_01/sensor_trace.csv,409ebc8635c90c226bbd70c19d4e67d3e5309979dad6665e581fad1a34515c41,823,3,exact_runtime_observations,raw/trace_0101/attempt_01/20260801_181645_529974_dirt_sinusoidal_acados_static_mlp/terrain_observations.csv,,dirt,0.7,False,82330101,sinusoidal,5.0,14.0,5.0,passive,False,0.1,0.4,0.15,35.0,0.3,0.01,0.003,1
trace_0102,ok,raw/trace_0102/attempt_01,raw/trace_0102/attempt_01/sensor_trace.csv,f23878fbae432ca21d4531dc8eb8067d691fa2e8cd6074d825f7fde02f29839e,824,3,exact_runtime_observations,raw/trace_0102/attempt_01/20260801_181645_382733_dirt_sinusoidal_acados_static_mlp/terrain_observations.csv,,dirt,0.7,False,82330102,sinusoidal,5.0,14.0,5.0,passive,False,0.1,0.4,0.15,35.0,0.3,0.01,0.003,1
trace_0103,ok,raw/trace_0103/attempt_01,raw/trace_0103/attempt_01/sensor_trace.csv,1d18dae40745af6174251908264c73e4c6049a14e56b7bdfe8361d975d721881,854,3,exact_runtime_observations,raw/trace_0103/attempt_01/20260801_181645_538731_dirt_sinusoidal_acados_static_mlp/terrain_observations.csv,,dirt,0.7,False,82330103,sinusoidal,5.0,14.0,5.0,passive,False,0.1,0.4,0.15,35.0,0.3,0.01,0.003,1
trace_0104,ok,raw/trace_0104/attempt_01,raw/trace_0104/attempt_01/sensor_trace.csv,bc9c2e3e47ba4247b9b9dbff2a28dd379d3a9895aec24466f2bfad92d26427d9,825,3,exact_runtime_observations,raw/trace_0104/attempt_01/20260801_181645_456808_dirt_sinusoidal_acados_static_mlp/terrain_observations.csv,,dirt,0.7,False,82330104,sinusoidal,5.0,14.0,5.0,passive,False,0.1,0.4,0.15,35.0,0.3,0.01,0.003,1
trace_0105,ok,raw/trace_0105/attempt_01,raw/trace_0105/attempt_01/sensor_trace.csv,c2e970e8be0fe158550dc1ac58d4ddd9ac4b5e30e72310483cf669f502d47b59,843,3,exact_runtime_observations,raw/trace_0105/attempt_01/20260801_181705_505022_dirt_sinusoidal_acados_static_mlp/terrain_observations.csv,,dirt,0.7,False,82330105,sinusoidal,5.0,14.0,5.0,passive,False,0.1,0.4,0.15,35.0,0.3,0.01,0.003,1
trace_0106,ok,raw/trace_0106/attempt_01,raw/trace_0106/attempt_01/sensor_trace.csv,ea35ac4e0544dcd404198d67c4281ea694f9013eb698c7e4fc9a74b93df51d64,835,3,exact_runtime_observations,raw/trace_0106/attempt_01/20260801_181705_751475_dirt_sinusoidal_acados_static_mlp/terrain_observations.csv,,dirt,0.7,False,82330106,sinusoidal,5.0,14.0,5.0,passive,False,0.1,0.4,0.15,35.0,0.3,0.01,0.003,1
trace_0107,ok,raw/trace_0107/attempt_01,raw/trace_0107/attempt_01/sensor_trace.csv,1fd6de33298b2c2b127f6007e25b3fa016c21465d30c69f61956660bf40acf61,835,3,exact_runtime_observations,raw/trace_0107/attempt_01/20260801_181705_923892_dirt_sinusoidal_acados_static_mlp/terrain_observations.csv,,dirt,0.7,False,82330107,sinusoidal,5.0,14.0,5.0,passive,False,0.1,0.4,0.15,35.0,0.3,0.01,0.003,1
trace_0108,ok,raw/trace_0108/attempt_01,raw/trace_0108/attempt_01/sensor_trace.csv,af836089fc4e8513bf9b80f1ba11d001a1becba0d6f4faa7a4e5c8781c75831a,819,3,exact_runtime_observations,raw/trace_0108/attempt_01/20260801_181706_357380_dirt_sinusoidal_acados_static_mlp/terrain_observations.csv,,dirt,0.7,False,82330108,sinusoidal,5.0,14.0,5.0,passive,False,0.1,0.4,0.15,35.0,0.3,0.01,0.003,1
trace_0109,ok,raw/trace_0109/attempt_01,raw/trace_0109/attempt_01/sensor_trace.csv,6c246b0a0bc1ce7656ece1652abce0a1bcf4fc6576389e29c70c9a4b0282566d,812,3,exact_runtime_observations,raw/trace_0109/attempt_01/20260801_181706_617690_dirt_sinusoidal_acados_static_mlp/terrain_observations.csv,,dirt,0.7,False,82330109,sinusoidal,5.0,14.0,5.0,passive,False,0.1,0.4,0.15,35.0,0.3,0.01,0.003,1
trace_0110,ok,raw/trace_0110/attempt_01,raw/trace_0110/attempt_01/sensor_trace.csv,636792980dbd5e2ec0ebbf7c64a1e6bd583d61c3f1e0347775db843a7d4ade48,839,3,exact_runtime_observations,raw/trace_0110/attempt_01/20260801_181706_470975_dirt_sinusoidal_acados_static_mlp/terrain_observations.csv,,dirt,0.7,False,82330110,sinusoidal,5.0,14.0,5.0,passive,False,0.1,0.4,0.15,35.0,0.3,0.01,0.003,1
trace_0111,ok,raw/trace_0111/attempt_01,raw/trace_0111/attempt_01/sensor_trace.csv,40eb00544d9cf7633fb4658e100b30da59e7ba568a31b7d6028d718bcf256e1f,776,3,exact_runtime_observations,raw/trace_0111/attempt_01/20260801_181706_588727_dirt_sinusoidal_acados_static_mlp/terrain_observations.csv,,dirt,0.7,False,82330111,sinusoidal,5.0,14.0,5.0,passive,False,0.1,0.4,0.15,35.0,0.3,0.01,0.003,1
trace_0112,ok,raw/trace_0112/attempt_01,raw/trace_0112/attempt_01/sensor_trace.csv,d23fd0f118cff5c04004fdf1f95758a96dd2db87efe51eefc91c432b798b4e55,836,3,exact_runtime_observations,raw/trace_0112/attempt_01/20260801_181706_726456_dirt_sinusoidal_acados_static_mlp/terrain_observations.csv,,dirt,0.7,False,82330112,sinusoidal,5.0,14.0,5.0,passive,False,0.1,0.4,0.15,35.0,0.3,0.01,0.003,1
trace_0113,ok,raw/trace_0113/attempt_01,raw/trace_0113/attempt_01/sensor_trace.csv,f42a71695169c48bb04bc758d7f8f41e62dc893b36c9b4b15dd7bb095e77c169,847,3,exact_runtime_observations,raw/trace_0113/attempt_01/20260801_181726_715550_dirt_sinusoidal_acados_static_mlp/terrain_observations.csv,,dirt,0.7,False,82330113,sinusoidal,5.0,14.0,5.0,passive,False,0.1,0.4,0.15,35.0,0.3,0.01,0.003,1
trace_0114,ok,raw/trace_0114/attempt_01,raw/trace_0114/attempt_01/sensor_trace.csv,6986f159be254948a5bb252dd220a8b59b4b8c972dd15dcfa7dde66bdcaa5fa6,857,3,exact_runtime_observations,raw/trace_0114/attempt_01/20260801_181726_749269_dirt_sinusoidal_acados_static_mlp/terrain_observations.csv,,dirt,0.7,False,82330114,sinusoidal,5.0,14.0,5.0,passive,False,0.1,0.4,0.15,35.0,0.3,0.01,0.003,1
trace_0115,ok,raw/trace_0115/attempt_01,raw/trace_0115/attempt_01/sensor_trace.csv,85ab324ee59f92e5acf6ffceebb6a2347ccdc912ba4664e4148b2ecc13835ee6,868,3,exact_runtime_observations,raw/trace_0115/attempt_01/20260801_181726_940572_dirt_sinusoidal_acados_static_mlp/terrain_observations.csv,,dirt,0.7,False,82330115,sinusoidal,5.0,14.0,5.0,passive,False,0.1,0.4,0.15,35.0,0.3,0.01,0.003,1
trace_0116,ok,raw/trace_0116/attempt_01,raw/trace_0116/attempt_01/sensor_trace.csv,6d71e9444c2c06db65b66734bd1f195b9b5bb580cac0ee5107961d5ba9c8e27f,852,3,exact_runtime_observations,raw/trace_0116/attempt_01/20260801_181727_174714_dirt_sinusoidal_acados_static_mlp/terrain_observations.csv,,dirt,0.7,False,82330116,sinusoidal,5.0,14.0,5.0,passive,False,0.1,0.4,0.15,35.0,0.3,0.01,0.003,1
trace_0117,ok,raw/trace_0117/attempt_01,raw/trace_0117/attempt_01/sensor_trace.csv,20eba596527be18595ffe3091fc50d048ad0584a49ceb91b4d21a6d3dd3c4d75,822,3,exact_runtime_observations,raw/trace_0117/attempt_01/20260801_181727_359812_dirt_sinusoidal_acados_static_mlp/terrain_observations.csv,,dirt,0.7,False,82330117,sinusoidal,5.0,14.0,5.0,passive,False,0.1,0.4,0.15,35.0,0.3,0.01,0.003,1
trace_0118,ok,raw/trace_0118/attempt_01,raw/trace_0118/attempt_01/sensor_trace.csv,7d5ab6d5992c8644e89d0124f18f5e0699e5d8d202f3d3582adad3df0abfd17f,828,3,exact_runtime_observations,raw/trace_0118/attempt_01/20260801_181727_478818_dirt_sinusoidal_acados_static_mlp/terrain_observations.csv,,dirt,0.7,False,82330118,sinusoidal,5.0,14.0,5.0,passive,False,0.1,0.4,0.15,35.0,0.3,0.01,0.003,1
trace_0119,ok,raw/trace_0119/attempt_01,raw/trace_0119/attempt_01/sensor_trace.csv,c902c0ee4cdac07eb7421cf22d24914f9496b6cf18d5c194ab5907cb4080e301,803,3,exact_runtime_observations,raw/trace_0119/attempt_01/20260801_181727_537043_dirt_sinusoidal_acados_static_mlp/terrain_observations.csv,,dirt,0.7,False,82330119,sinusoidal,5.0,14.0,5.0,passive,False,0.1,0.4,0.15,35.0,0.3,0.01,0.003,1
trace_0120,ok,raw/trace_0120/attempt_01,raw/trace_0120/attempt_01/sensor_trace.csv,dd662c88c10bd443195aa09150c64b2bb9fb76235df2e18069fead38d1fe0059,780,3,exact_runtime_observations,raw/trace_0120/attempt_01/20260801_181727_598491_dirt_sinusoidal_acados_static_mlp/terrain_observations.csv,,dirt,0.7,False,82330120,sinusoidal,5.0,14.0,5.0,passive,False,0.1,0.4,0.15,35.0,0.3,0.01,0.003,1
trace_0121,ok,raw/trace_0121/attempt_01,raw/trace_0121/attempt_01/sensor_trace.csv,62ee4678e6465184d3115589963dffdf6be417fd1cfcbbde602889bc6f9d85bc,892,3,exact_runtime_observations,raw/trace_0121/attempt_01/20260801_181747_211187_dirt_sinusoidal_acados_static_mlp/terrain_observations.csv,,dirt,0.7,False,82330121,sinusoidal,5.0,14.0,5.0,passive,False,0.1,0.4,0.15,35.0,0.3,0.01,0.003,1
trace_0122,ok,raw/trace_0122/attempt_01,raw/trace_0122/attempt_01/sensor_trace.csv,a158173b71ad9d7115c5e4f66f53923af4462f5f882ff3ee639e0433bf0068ee,887,3,exact_runtime_observations,raw/trace_0122/attempt_01/20260801_181747_796107_dirt_sinusoidal_acados_static_mlp/terrain_observations.csv,,dirt,0.7,False,82330122,sinusoidal,5.0,14.0,5.0,passive,False,0.1,0.4,0.15,35.0,0.3,0.01,0.003,1
trace_0123,ok,raw/trace_0123/attempt_01,raw/trace_0123/attempt_01/sensor_trace.csv,d16d220792b3f688d5720c417c220a1d499243387e2e67fd15fb7a46445c06f5,856,3,exact_runtime_observations,raw/trace_0123/attempt_01/20260801_181748_091315_dirt_sinusoidal_acados_static_mlp/terrain_observations.csv,,dirt,0.7,False,82330123,sinusoidal,5.0,14.0,5.0,passive,False,0.1,0.4,0.15,35.0,0.3,0.01,0.003,1
trace_0124,ok,raw/trace_0124/attempt_01,raw/trace_0124/attempt_01/sensor_trace.csv,7bf63d01265dac98eadd51de2edeeb9021731f3fae41d904836f834dba346bf7,847,3,exact_runtime_observations,raw/trace_0124/attempt_01/20260801_181748_079129_dirt_sinusoidal_acados_static_mlp/terrain_observations.csv,,dirt,0.7,False,82330124,sinusoidal,5.0,14.0,5.0,passive,False,0.1,0.4,0.15,35.0,0.3,0.01,0.003,1
trace_0125,ok,raw/trace_0125/attempt_01,raw/trace_0125/attempt_01/sensor_trace.csv,f77c44bcf4f7c971b787aaebbc1b10a3396de03875db61c4e78b5e45509cc6ea,844,3,exact_runtime_observations,raw/trace_0125/attempt_01/20260801_181748_668669_dirt_sinusoidal_acados_static_mlp/terrain_observations.csv,,dirt,0.7,False,82330125,sinusoidal,5.0,14.0,5.0,passive,False,0.1,0.4,0.15,35.0,0.3,0.01,0.003,1
trace_0126,ok,raw/trace_0126/attempt_01,raw/trace_0126/attempt_01/sensor_trace.csv,2c4b8490226153cac4dc5fe9f36f04cbe2ab3899cfc73f7c644ddf71e1602445,833,3,exact_runtime_observations,raw/trace_0126/attempt_01/20260801_181748_277124_dirt_sinusoidal_acados_static_mlp/terrain_observations.csv,,dirt,0.7,False,82330126,sinusoidal,5.0,14.0,5.0,passive,False,0.1,0.4,0.15,35.0,0.3,0.01,0.003,1
trace_0127,ok,raw/trace_0127/attempt_01,raw/trace_0127/attempt_01/sensor_trace.csv,bfd3dc7202105d989a225288f08f7b22ee3bf9b7be7877c532e68a84522e2391,786,3,exact_runtime_observations,raw/trace_0127/attempt_01/20260801_181748_500523_dirt_sinusoidal_acados_static_mlp/terrain_observations.csv,,dirt,0.7,False,82330127,sinusoidal,5.0,14.0,5.0,passive,False,0.1,0.4,0.15,35.0,0.3,0.01,0.003,1
trace_0128,ok,raw/trace_0128/attempt_01,raw/trace_0128/attempt_01/sensor_trace.csv,0ee5712ede66fe9404b23508a9465ac0f0a5f2135349abadc10fda6ec507d7b1,842,3,exact_runtime_observations,raw/trace_0128/attempt_01/20260801_181748_450744_dirt_sinusoidal_acados_static_mlp/terrain_observations.csv,,dirt,0.7,False,82330128,sinusoidal,5.0,14.0,5.0,passive,False,0.1,0.4,0.15,35.0,0.3,0.01,0.003,1
trace_0129,ok,raw/trace_0129/attempt_01,raw/trace_0129/attempt_01/sensor_trace.csv,12dba7eb08ac8f273f331bcdfdc3c93a4012da04748944e97fdc06b4d91cbd1e,851,3,exact_runtime_observations,raw/trace_0129/attempt_01/20260801_181808_617682_dirt_sinusoidal_acados_static_mlp/terrain_observations.csv,,dirt,0.7,False,82330129,sinusoidal,5.0,14.0,5.0,passive,False,0.1,0.4,0.15,35.0,0.3,0.01,0.003,1
trace_0130,ok,raw/trace_0130/attempt_01,raw/trace_0130/attempt_01/sensor_trace.csv,a3f166860f5110f3dd4498e5c63a5fc9680a9d7096ccd868f798ed2a3e8c2ecd,837,3,exact_runtime_observations,raw/trace_0130/attempt_01/20260801_181808_847637_dirt_sinusoidal_acados_static_mlp/terrain_observations.csv,,dirt,0.7,False,82330130,sinusoidal,5.0,14.0,5.0,passive,False,0.1,0.4,0.15,35.0,0.3,0.01,0.003,1
trace_0131,ok,raw/trace_0131/attempt_01,raw/trace_0131/attempt_01/sensor_trace.csv,99deb2bf5d6723d10453991c315f3763a7c27c01eeb01e55b09a67b0de1b5610,846,3,exact_runtime_observations,raw/trace_0131/attempt_01/20260801_181809_155586_dirt_sinusoidal_acados_static_mlp/terrain_observations.csv,,dirt,0.7,False,82330131,sinusoidal,5.0,14.0,5.0,passive,False,0.1,0.4,0.15,35.0,0.3,0.01,0.003,1
trace_0132,ok,raw/trace_0132/attempt_01,raw/trace_0132/attempt_01/sensor_trace.csv,b35db7a19fa63e597046b0effb0fded5ad7d1ca8928b561fc675da550ff3d9d8,870,3,exact_runtime_observations,raw/trace_0132/attempt_01/20260801_181809_273713_dirt_sinusoidal_acados_static_mlp/terrain_observations.csv,,dirt,0.7,False,82330132,sinusoidal,5.0,14.0,5.0,passive,False,0.1,0.4,0.15,35.0,0.3,0.01,0.003,1
trace_0133,ok,raw/trace_0133/attempt_01,raw/trace_0133/attempt_01/sensor_trace.csv,4ee8e5ab7bc4a4ba55ecc463533f1d4fd283e73d2d04fd7dfffee05db519dc7d,796,3,exact_runtime_observations,raw/trace_0133/attempt_01/20260801_181809_117298_dirt_sinusoidal_acados_static_mlp/terrain_observations.csv,,dirt,0.7,False,82330133,sinusoidal,5.0,14.0,5.0,passive,False,0.1,0.4,0.15,35.0,0.3,0.01,0.003,1
trace_0134,ok,raw/trace_0134/attempt_01,raw/trace_0134/attempt_01/sensor_trace.csv,b108b23ffa3f6042933b99567828f5912ba33593698a339e1beb804892acc824,840,3,exact_runtime_observations,raw/trace_0134/attempt_01/20260801_181809_068805_dirt_sinusoidal_acados_static_mlp/terrain_observations.csv,,dirt,0.7,False,82330134,sinusoidal,5.0,14.0,5.0,passive,False,0.1,0.4,0.15,35.0,0.3,0.01,0.003,1
trace_0135,ok,raw/trace_0135/attempt_01,raw/trace_0135/attempt_01/sensor_trace.csv,56ad087281c89dca8284dcf07487cda9b0328ee32d6ce317aa031b94b9d7de29,851,3,exact_runtime_observations,raw/trace_0135/attempt_01/20260801_181809_568227_dirt_sinusoidal_acados_static_mlp/terrain_observations.csv,,dirt,0.7,False,82330135,sinusoidal,5.0,14.0,5.0,passive,False,0.1,0.4,0.15,35.0,0.3,0.01,0.003,1
trace_0136,ok,raw/trace_0136/attempt_01,raw/trace_0136/attempt_01/sensor_trace.csv,8e9f5d2ebb012e0681e041433d8bd6355d20523f967a258b2c666d0e6cd0e0df,826,3,exact_runtime_observations,raw/trace_0136/attempt_01/20260801_181809_687030_dirt_sinusoidal_acados_static_mlp/terrain_observations.csv,,dirt,0.7,False,82330136,sinusoidal,5.0,14.0,5.0,passive,False,0.1,0.4,0.15,35.0,0.3,0.01,0.003,1
trace_0137,ok,raw/trace_0137/attempt_01,raw/trace_0137/attempt_01/sensor_trace.csv,b9e63e266d9e1a9c02204bdeedf85b5f5ff15e0384dadc5a1a8fa26d0939c865,866,3,exact_runtime_observations,raw/trace_0137/attempt_01/20260801_181829_791114_dirt_sinusoidal_acados_static_mlp/terrain_observations.csv,,dirt,0.7,False,82330137,sinusoidal,5.0,14.0,5.0,passive,False,0.1,0.4,0.15,35.0,0.3,0.01,0.003,1
trace_0138,ok,raw/trace_0138/attempt_01,raw/trace_0138/attempt_01/sensor_trace.csv,a0c5d0fc27e326cbcb61886c4b281b973840eb9a8b7ab3cd9f1a75bdca7a6cc2,845,3,exact_runtime_observations,raw/trace_0138/attempt_01/20260801_181830_058564_dirt_sinusoidal_acados_static_mlp/terrain_observations.csv,,dirt,0.7,False,82330138,sinusoidal,5.0,14.0,5.0,passive,False,0.1,0.4,0.15,35.0,0.3,0.01,0.003,1
trace_0139,ok,raw/trace_0139/attempt_01,raw/trace_0139/attempt_01/sensor_trace.csv,f08d63d492cd986702c34579f2e5e3d0447adfbfbe9afc27c8a34e7f786ac75f,860,3,exact_runtime_observations,raw/trace_0139/attempt_01/20260801_181830_145180_dirt_sinusoidal_acados_static_mlp/terrain_observations.csv,,dirt,0.7,False,82330139,sinusoidal,5.0,14.0,5.0,passive,False,0.1,0.4,0.15,35.0,0.3,0.01,0.003,1
trace_0140,ok,raw/trace_0140/attempt_01,raw/trace_0140/attempt_01/sensor_trace.csv,98bca2e2279317c7b6c6fbaf7700e9c4b847ffc0a6637b6ccb31259980d4c6cb,860,3,exact_runtime_observations,raw/trace_0140/attempt_01/20260801_181830_386834_dirt_sinusoidal_acados_static_mlp/terrain_observations.csv,,dirt,0.7,False,82330140,sinusoidal,5.0,14.0,5.0,passive,False,0.1,0.4,0.15,35.0,0.3,0.01,0.003,1
trace_0141,ok,raw/trace_0141/attempt_01,raw/trace_0141/attempt_01/sensor_trace.csv,cd830b6f55dccbf1c704684e46a064a9784a60d4b00dcb28d908b70b6c98fbe6,896,3,exact_runtime_observations,raw/trace_0141/attempt_01/20260801_181830_302842_dirt_sinusoidal_acados_static_mlp/terrain_observations.csv,,dirt,0.7,False,82330141,sinusoidal,5.0,14.0,5.0,passive,False,0.1,0.4,0.15,35.0,0.3,0.01,0.003,1
trace_0142,ok,raw/trace_0142/attempt_01,raw/trace_0142/attempt_01/sensor_trace.csv,d4c1efb4156e2e95dce8d073112b1b68f4d3a314b84b3e7314e4cd79afd296b0,892,3,exact_runtime_observations,raw/trace_0142/attempt_01/20260801_181830_345723_dirt_sinusoidal_acados_static_mlp/terrain_observations.csv,,dirt,0.7,False,82330142,sinusoidal,5.0,14.0,5.0,passive,False,0.1,0.4,0.15,35.0,0.3,0.01,0.003,1
trace_0143,ok,raw/trace_0143/attempt_01,raw/trace_0143/attempt_01/sensor_trace.csv,68f0a19c964d187ead651b0565147a8e383c911ebe2fa00cff52dd79c4c9ba5c,876,3,exact_runtime_observations,raw/trace_0143/attempt_01/20260801_181830_470505_dirt_sinusoidal_acados_static_mlp/terrain_observations.csv,,dirt,0.7,False,82330143,sinusoidal,5.0,14.0,5.0,passive,False,0.1,0.4,0.15,35.0,0.3,0.01,0.003,1
